Date,Open,High,Low,Close,Volume,Dividends,Stock Splits
2017-01-03,58.345,58.459,57.522,58.194,906000,0.0,0.0
2017-01-04,58.285,58.814,57.99,58.504,914000,0.0,0.0
2017-01-05,58.028,59.297,57.379,59.267,903200,0.0,0.0
2017-01-06,59.002,59.894,58.648,59.818,944500,0.0,0.0
2017-01-09,59.871,59.954,58.95,59.108,616600,0.0,0.0
2017-01-10,59.101,59.214,57.847,57.877,955200,0.0,0.0
2017-01-11,57.99,58.074,56.367,56.382,1535500,0.0,0.0
2017-01-12,56.367,56.404,55.309,55.747,1246500,0.0,0.0
2017-01-13,55.709,55.853,54.848,54.871,913700,0.0,0.0
2017-01-17,54.879,55.249,54.682,55.166,1167900,0.0,0.0
2017-01-18,55.226,55.574,54.75,55.264,911000,0.0,0.0
2017-01-19,54.954,55.249,54.614,55.211,761400,0.0,0.0
2017-01-20,55.173,55.574,54.584,55.453,1007500,0.0,0.0
2017-01-23,55.634,56.752,55.634,56.646,1190300,0.0,0.0
2017-01-24,56.518,56.971,56.419,56.752,762200,0.0,0.0
2017-01-25,56.842,57.129,55.309,55.717,1090600,0.0,0.0
2017-01-26,55.77,56.223,55.158,55.876,943600,0.0,0.0
2017-01-27,56.004,56.231,55.211,55.287,809600,0.0,0.0
2017-01-30,55.415,55.566,54.478,54.607,826700,0.0,0.0
2017-01-31,54.577,55.196,54.252,54.418,764200,0.0,0.0
2017-02-01,54.169,54.554,53.98,54.108,801000,0.0,0.0
2017-02-02,54.093,55.037,54.093,54.728,714900,0.0,0.0
2017-02-03,55.226,55.339,54.584,55.143,706300,0.0,0.0
2017-02-06,55.173,55.506,54.471,55.294,551500,0.0,0.0
2017-02-07,55.271,56.057,55.271,55.679,674700,0.0,0.0
2017-02-08,55.702,56.714,55.611,56.034,872200,0.0,0.0
2017-02-09,56.087,56.435,55.694,56.276,323600,0.0,0.0
2017-02-10,56.163,56.737,56.027,56.646,415900,0.0,0.0
2017-02-13,56.835,57.069,56.261,56.533,616300,0.0,0.0
2017-02-14,56.533,56.533,55.067,55.513,642600,0.0,0.0
2017-02-15,54.916,55.672,54.274,55.543,731600,0.0,0.0
2017-02-16,56.155,56.895,55.709,56.548,1168900,0.0,0.0
2017-02-17,56.654,58.391,56.578,58.345,1486800,0.0,0.0
2017-02-21,58.262,59.41,57.643,59.191,1287300,0.0,0.0
2017-02-22,59.388,60.611,58.761,58.851,1816900,0.0,0.0
2017-02-23,59.229,59.796,58.104,59.773,936500,0.0,0.0
2017-02-24,59.811,60.279,59.282,60.037,661200,0.0,0.0
2017-02-27,60.166,60.498,59.886,60.052,466600,0.0,0.0
2017-02-28,60.166,60.558,59.72,59.811,806800,0.0,0.0
2017-03-01,59.622,60.475,59.252,60.286,644600,0.0,0.0
2017-03-02,60.12,60.694,59.705,59.984,546100,0.0,0.0
2017-03-03,59.629,59.886,59.086,59.728,652600,0.0,0.0
2017-03-06,59.425,60.158,59.086,60.015,856300,0.0,0.0
2017-03-07,59.848,60.03,59.403,59.66,1026600,0.0,0.0
2017-03-08,59.531,59.969,59.025,59.38,1051900,0.0,0.0
2017-03-09,59.441,59.652,57.552,57.575,1169900,0.0,0.0
2017-03-10,57.575,58.255,56.321,56.45,1308000,0.0,0.0
2017-03-13,56.534,56.908,55.664,55.908,1706900,0.78,0.0
2017-03-14,55.946,56.595,55.61,56.579,1177700,0.0,0.0
2017-03-15,56.633,57.9,56.282,57.625,986700,0.0,0.0
2017-03-16,57.633,57.946,56.961,56.999,758200,0.0,0.0
2017-03-17,57.182,57.946,56.93,57.518,1020700,0.0,0.0
2017-03-20,57.587,57.77,57.129,57.526,585300,0.0,0.0
2017-03-21,57.678,57.991,57.175,57.48,829800,0.0,0.0
2017-03-22,57.785,57.816,56.892,57.602,809500,0.0,0.0
2017-03-23,57.648,58.159,57.259,57.625,1040200,0.0,0.0
2017-03-24,57.846,57.93,57.091,57.274,573200,0.0,0.0
2017-03-27,57.419,57.457,56.518,56.831,707400,0.0,0.0
2017-03-28,56.915,57.098,56.213,57.06,575200,0.0,0.0
2017-03-29,56.892,56.892,56.03,56.526,826500,0.0,0.0
2017-03-30,56.244,56.534,55.625,56.48,581000,0.0,0.0
2017-03-31,56.297,57.091,56.251,56.778,1176000,0.0,0.0
2017-04-03,57.251,58.03,56.9,57.656,1379400,0.0,0.0
2017-04-04,57.587,58.503,57.465,58.114,1109800,0.0,0.0
2017-04-05,58.121,59.129,57.999,59.06,997600,0.0,0.0
2017-04-06,59.029,59.533,58.724,59.297,686200,0.0,0.0
2017-04-07,59.335,59.64,59.022,59.587,834100,0.0,0.0
2017-04-10,59.594,60.174,59.335,60.128,768600,0.0,0.0
2017-04-11,60.128,60.67,59.922,60.052,565800,0.0,0.0
2017-04-12,59.831,60.075,59.167,59.48,1377500,0.0,0.0
2017-04-13,59.564,59.716,59.159,59.609,824700,0.0,0.0
2017-04-17,59.892,61.403,59.8,61.388,1129000,0.0,0.0
2017-04-18,61.06,61.846,61.044,61.67,586400,0.0,0.0
2017-04-19,61.724,61.983,61.281,61.418,455000,0.0,0.0
2017-04-20,61.586,61.586,61.105,61.533,876000,0.0,0.0
2017-04-21,61.479,61.968,61.243,61.418,1142600,0.0,0.0
2017-04-24,61.457,61.823,59.854,60.251,1912700,0.0,0.0
2017-04-25,60.396,60.632,59.701,59.976,1201300,0.0,0.0
2017-04-26,60.029,60.441,59.632,60.274,1229600,0.0,0.0
2017-04-27,60.274,60.869,57.808,58.045,1379800,0.0,0.0
2017-04-28,57.732,58.075,56.869,57.648,1343500,0.0,0.0
2017-05-01,57.793,57.885,57.106,57.572,1096200,0.0,0.0
2017-05-02,57.617,57.709,55.915,56.129,1692700,0.0,0.0
2017-05-03,56.328,56.495,55.381,55.587,994500,0.0,0.0
2017-05-04,55.488,56.022,54.526,55.954,957300,0.0,0.0
2017-05-05,56.03,56.48,55.709,56.015,644400,0.0,0.0
2017-05-08,56.198,56.244,55.45,55.877,627500,0.0,0.0
2017-05-09,55.87,56.259,55.457,55.824,790600,0.0,0.0
2017-05-10,55.839,56.602,55.694,55.831,661800,0.0,0.0
2017-05-11,55.717,55.77,55.29,55.343,1941600,0.0,0.0
2017-05-12,55.48,55.564,55.16,55.274,1136300,0.0,0.0
2017-05-15,55.274,56.259,55.145,55.908,1222600,0.0,0.0
2017-05-16,55.938,55.938,54.45,54.793,1716100,0.0,0.0
2017-05-17,54.801,57.549,54.763,57.45,2188700,0.0,0.0
2017-05-18,57.419,60.403,57.022,57.93,1512300,0.0,0.0
2017-05-19,58.052,58.778,57.556,58.381,2359300,0.0,0.0
2017-05-22,58.762,59.342,58.457,59.182,1671700,0.0,0.0
2017-05-23,59.182,59.671,58.991,59.442,998200,0.0,0.0
2017-05-24,59.472,60.128,59.464,60.06,953600,0.0,0.0
2017-05-25,60.212,60.983,59.907,60.327,1914100,0.0,0.0
2017-05-26,60.182,60.403,59.029,59.533,868400,0.0,0.0
2017-05-30,59.518,59.854,58.862,58.9,875900,0.0,0.0
2017-05-31,58.808,59.289,58.808,59.129,1554000,0.0,0.0
2017-06-01,59.045,59.075,57.106,57.831,1460700,0.0,0.0
2017-06-02,58.091,58.694,57.801,58.358,1285600,0.0,0.0
2017-06-05,58.175,58.297,57.213,57.762,489600,0.0,0.0
2017-06-06,57.907,57.999,56.785,56.847,613600,0.0,0.0
2017-06-07,56.847,57.885,56.694,57.877,735800,0.0,0.0
2017-06-08,57.877,57.907,56.663,57.373,657400,0.0,0.0
2017-06-09,57.129,57.48,56.763,56.877,692800,0.0,0.0
2017-06-12,56.686,57.602,56.686,57.587,973000,0.0,0.0
2017-06-13,57.533,58.026,57.302,57.996,734700,0.78,0.0
2017-06-14,58.512,58.651,57.548,58.15,869900,0.0,0.0
2017-06-15,58.15,59.399,58.15,59.222,655600,0.0,0.0
2017-06-16,59.314,60.595,58.898,60.541,1533800,0.0,0.0
2017-06-19,60.379,60.672,59.592,60.093,1102400,0.0,0.0
2017-06-20,60.109,60.618,59.43,60.379,713900,0.0,0.0
2017-06-21,60.448,60.679,60.024,60.224,774200,0.0,0.0
2017-06-22,60.062,60.062,59.245,59.623,614600,0.0,0.0
2017-06-23,59.739,61.088,59.461,60.733,1117100,0.0,0.0
2017-06-26,60.919,61.219,60.371,60.741,498900,0.0,0.0
2017-06-27,60.464,60.942,60.332,60.394,700800,0.0,0.0
2017-06-28,60.541,60.749,60.116,60.116,971200,0.0,0.0
2017-06-29,59.523,60.248,59.338,59.793,796800,0.0,0.0
2017-06-30,59.885,60.564,59.484,60.155,995700,0.0,0.0
2017-07-03,60.641,61.212,59.854,60.533,745500,0.0,0.0
2017-07-05,60.471,60.556,59.384,59.685,922500,0.0,0.0
2017-07-06,59.569,59.646,58.466,58.543,1197900,0.0,0.0
2017-07-07,58.69,59.438,58.412,59.021,712100,0.0,0.0
2017-07-10,59.029,59.214,57.633,57.656,1161700,0.0,0.0
2017-07-11,57.849,57.849,56.839,57.17,1037200,0.0,0.0
2017-07-12,57.571,58.482,57.571,58.173,828700,0.0,0.0
2017-07-13,58.219,58.728,58.104,58.281,792100,0.0,0.0
2017-07-14,58.705,59.206,58.674,59.137,864400,0.0,0.0
2017-07-17,59.091,59.978,59.075,59.692,1361100,0.0,0.0
2017-07-18,59.631,60.024,59.037,59.754,1289700,0.0,0.0
2017-07-19,59.8,60.88,59.577,60.764,1896900,0.0,0.0
2017-07-20,60.348,60.834,59.808,60.332,1042300,0.0,0.0
2017-07-21,60.248,60.98,60.24,60.903,668700,0.0,0.0
2017-07-24,60.926,61.05,60.271,60.649,883400,0.0,0.0
2017-07-25,60.618,61.327,60.271,61.296,1281200,0.0,0.0
2017-07-26,61.389,62.515,61.227,61.929,1562000,0.0,0.0
2017-07-27,60.926,60.926,58.443,58.998,2452300,0.0,0.0
2017-07-28,58.998,60.132,58.921,60.093,1621000,0.0,0.0
2017-07-31,60.086,61.744,59.646,61.312,3215800,0.0,0.0
2017-08-01,61.466,61.751,60.425,61.15,1278000,0.0,0.0
2017-08-02,62.045,63.649,60.849,61.127,2381800,0.0,0.0
2017-08-03,60.803,60.988,58.867,59.553,1888800,0.0,0.0
2017-08-04,59.507,60.124,59.392,59.962,890800,0.0,0.0
2017-08-07,59.993,60.633,59.631,60.055,1103700,0.0,0.0
2017-08-08,59.885,60.371,59.183,59.384,935000,0.0,0.0
2017-08-09,59.461,59.492,58.96,59.068,1070100,0.0,0.0
2017-08-10,58.967,59.083,58.512,58.79,1084600,0.0,0.0
2017-08-11,58.913,58.967,58.281,58.852,993400,0.0,0.0
2017-08-14,59.021,59.461,58.829,59.284,673600,0.0,0.0
2017-08-15,59.199,59.361,58.782,59.075,1176400,0.0,0.0
2017-08-16,59.322,59.592,58.304,58.512,1461200,0.0,0.0
2017-08-17,58.605,59.276,58.397,58.759,878000,0.0,0.0
2017-08-18,58.682,58.798,57.625,57.641,858800,0.0,0.0
2017-08-21,57.649,58.32,57.41,58.242,880900,0.0,0.0
2017-08-22,58.389,58.605,57.957,58.474,435300,0.0,0.0
2017-08-23,58.435,60.016,58.389,59.893,678400,0.0,0.0
2017-08-24,59.947,60.425,59.654,59.793,877300,0.0,0.0
2017-08-25,60.055,60.132,59.191,59.307,493800,0.0,0.0
2017-08-28,59.376,59.708,59.014,59.592,595800,0.0,0.0
2017-08-29,59.762,60.309,59.561,60.217,670600,0.0,0.0
2017-08-30,59.916,60.17,58.89,59.839,807500,0.0,0.0
2017-08-31,59.985,60.317,59.7,59.87,1159400,0.0,0.0
2017-09-01,59.939,60.525,59.685,59.985,573400,0.0,0.0
2017-09-05,60.039,60.479,59.661,60.464,892900,0.0,0.0
2017-09-06,60.541,61.62,60.332,61.227,1041600,0.0,0.0
2017-09-07,61.412,63.186,61.212,62.654,1351700,0.0,0.0
2017-09-08,62.461,64.189,62.291,63.433,1283200,0.0,0.0
2017-09-11,62.631,62.631,61.011,61.489,1558600,0.0,0.0
2017-09-12,61.343,61.35,59.654,59.746,1021500,0.0,0.0
2017-09-13,59.831,60.109,59.5,59.908,823100,0.0,0.0
2017-09-14,59.986,61.264,59.737,61.053,715500,0.78,0.0
2017-09-15,60.952,61.677,60.952,61.599,1142300,0.0,0.0
2017-09-18,61.607,61.973,61.326,61.856,695700,0.0,0.0
2017-09-19,61.856,62.004,61.49,61.887,1063300,0.0,0.0
2017-09-20,61.965,62.277,61.614,61.903,1018800,0.0,0.0
2017-09-21,61.942,62.378,61.7,61.809,466000,0.0,0.0
2017-09-22,61.957,62.097,61.349,61.459,420700,0.0,0.0
2017-09-25,61.521,62.199,61.388,62.082,626900,0.0,0.0
2017-09-26,62.113,62.113,61.77,61.832,551000,0.0,0.0
2017-09-27,61.583,61.762,60.493,60.796,657500,0.0,0.0
2017-09-28,60.851,61.661,60.547,61.607,490300,0.0,0.0
2017-09-29,61.435,62.378,61.412,62.261,1250400,0.0,0.0
2017-10-02,62.495,62.643,61.646,62.012,1312600,0.0,0.0
2017-10-03,62.09,62.261,61.186,61.56,691500,0.0,0.0
2017-10-04,61.568,62.051,61.131,62.012,861700,0.0,0.0
2017-10-05,62.144,62.705,61.879,62.682,708900,0.0,0.0
2017-10-06,62.347,62.643,61.723,62.619,1069300,0.0,0.0
2017-10-09,62.721,62.721,62.129,62.339,577000,0.0,0.0
2017-10-10,62.432,62.853,62.238,62.479,566700,0.0,0.0
2017-10-11,62.534,62.783,62.386,62.767,1010100,0.0,0.0
2017-10-12,62.845,63.578,62.822,63.578,1190000,0.0,0.0
2017-10-13,63.858,64.637,63.476,64.434,961500,0.0,0.0
2017-10-16,64.497,64.66,63.453,63.78,613200,0.0,0.0
2017-10-17,63.671,64.037,63.414,64.029,854400,0.0,0.0
2017-10-18,63.913,64.029,63.243,63.819,712000,0.0,0.0
2017-10-19,63.975,64.185,63.266,63.648,655700,0.0,0.0
2017-10-20,63.507,63.827,63.32,63.702,979500,0.0,0.0
2017-10-23,63.694,64.193,63.453,63.78,656400,0.0,0.0
2017-10-24,63.718,63.874,61.996,62.643,1111500,0.0,0.0
2017-10-25,62.238,63.133,62.175,62.83,1356700,0.0,0.0
2017-10-26,62.83,62.83,59.636,61.311,2684300,0.0,0.0
2017-10-27,61.178,62.705,61.178,62.557,1114900,0.0,0.0
2017-10-30,62.51,63.227,62.277,63.172,725100,0.0,0.0
2017-10-31,63.095,63.671,62.456,63.562,913100,0.0,0.0
2017-11-01,63.562,63.881,62.721,63.57,1310500,0.0,0.0
2017-11-02,63.624,66.935,63.492,64.754,2279400,0.0,0.0
2017-11-03,64.614,66.701,64.473,66.25,1251300,0.0,0.0
2017-11-06,66.437,67.582,66.398,67.013,1222200,0.0,0.0
2017-11-07,67.239,68.018,66.452,66.748,1331700,0.0,0.0
2017-11-08,66.998,67.769,66.834,67.005,1289900,0.0,0.0
2017-11-09,66.904,67.239,66.335,66.569,750000,0.0,0.0
2017-11-10,66.429,67.044,66.109,66.998,653800,0.0,0.0
2017-11-13,67.301,67.862,66.982,67.675,917200,0.0,0.0
2017-11-14,67.683,67.854,66.982,67.262,782200,0.0,0.0
2017-11-15,67.262,67.714,66.631,66.74,693000,0.0,0.0
2017-11-16,66.717,68.057,66.39,67.932,1578000,0.0,0.0
2017-11-17,67.706,68.151,67.519,67.932,1581600,0.0,0.0
2017-11-20,68.049,68.47,67.87,68.049,869400,0.0,0.0
2017-11-21,68.322,68.595,68.026,68.291,824100,0.0,0.0
2017-11-22,68.096,68.361,67.551,68.104,860600,0.0,0.0
2017-11-24,68.33,68.376,68.01,68.073,283000,0.0,0.0
2017-11-27,68.221,68.408,68.026,68.088,1075200,0.0,0.0
2017-11-28,68.088,68.189,65.377,66.382,1402000,0.0,0.0
2017-11-29,66.452,67.138,66.133,66.265,1134400,0.0,0.0
2017-11-30,66.476,66.959,66.226,66.499,1637100,0.0,0.0
2017-12-01,66.67,67.06,66.047,66.374,1160700,0.0,0.0
2017-12-04,66.39,66.701,65.993,66.102,1091800,0.0,0.0
2017-12-05,66.335,66.795,65.922,66.117,682800,0.0,0.0
2017-12-06,66.164,66.826,65.993,66.561,890500,0.0,0.0
2017-12-07,66.764,66.764,65.743,66.413,900000,0.0,0.0
2017-12-08,66.639,67.496,66.374,67.216,883400,0.0,0.0
2017-12-11,67.107,68.556,66.966,68.415,907700,0.0,0.0
2017-12-12,68.345,68.867,68.002,68.447,1087900,0.0,0.0
2017-12-13,68.945,68.992,68.228,68.244,961700,0.0,0.0
2017-12-14,68.472,68.543,68.055,68.071,906300,0.78,0.0
2017-12-15,68.244,68.944,67.992,68.826,1543000,0.0,0.0
2017-12-18,68.865,69.423,68.731,68.841,710700,0.0,0.0
2017-12-19,68.779,68.959,67.513,67.757,1172000,0.0,0.0
2017-12-20,67.662,68.04,67.293,67.332,901500,0.0,0.0
2017-12-21,67.466,67.654,66.735,66.947,708900,0.0,0.0
2017-12-22,67.096,67.694,66.868,67.694,563500,0.0,0.0
2017-12-26,67.843,68.425,67.521,68.228,504900,0.0,0.0
2017-12-27,68.409,68.967,68.401,68.708,438900,0.0,0.0
2017-12-28,68.779,69.101,68.425,68.983,632200,0.0,0.0
2017-12-29,69.038,69.195,68.668,68.739,631200,0.0,0.0
2018-01-02,68.975,69.038,67.246,67.348,1135300,0.0,0.0
2018-01-03,67.427,68.401,67.206,67.489,722500,0.0,0.0
2018-01-04,67.411,67.67,65.886,66.263,702500,0.0,0.0
2018-01-05,66.373,66.609,65.878,65.949,806600,0.0,0.0
2018-01-08,66.106,67.096,65.996,66.947,1129500,0.0,0.0
2018-01-09,66.703,67.159,65.249,65.328,1044700,0.0,0.0
2018-01-10,65.037,65.076,63.26,64.738,1056900,0.0,0.0
2018-01-11,64.754,65.367,64.565,64.652,838400,0.0,0.0
2018-01-12,64.675,64.683,63.952,64.652,835100,0.0,0.0
2018-01-16,64.738,66.114,64.738,65.013,882500,0.0,0.0
2018-01-17,65.265,66.059,65.147,65.603,1169300,0.0,0.0
2018-01-18,65.603,65.603,64.557,65.005,1083100,0.0,0.0
2018-01-19,65.076,65.752,64.88,65.744,1020200,0.0,0.0
2018-01-22,65.87,67.151,65.501,66.931,1252400,0.0,0.0
2018-01-23,67.112,68.417,66.916,68.165,1231100,0.0,0.0
2018-01-24,68.142,68.378,66.868,67.238,808700,0.0,0.0
2018-01-25,66.986,67.049,66.216,66.813,865000,0.0,0.0
2018-01-26,67.01,67.01,65.854,66.192,1022600,0.0,0.0
2018-01-29,65.957,65.957,64.723,65.076,1210500,0.0,0.0
2018-01-30,64.707,65.469,64.188,65.171,1009900,0.0,0.0
2018-01-31,65.194,65.941,65.021,65.619,4801600,0.0,0.0
2018-02-01,65.666,65.666,64.235,64.502,1202900,0.0,0.0
2018-02-02,64.141,64.888,63.394,64.33,1219500,0.0,0.0
2018-02-05,63.921,64.565,62.034,62.781,1111800,0.0,0.0
2018-02-06,62.144,63.583,60.997,62.671,1321000,0.0,0.0
2018-02-07,62.506,63.748,62.317,63.213,1103100,0.0,0.0
2018-02-08,63.08,63.355,60.942,60.965,1216400,0.0,0.0
2018-02-09,61.445,63.748,61.02,63.19,2314900,0.0,0.0
2018-02-12,63.41,63.74,61.791,63.512,1196400,0.0,0.0
2018-02-13,63.512,65.257,63.449,64.911,971600,0.0,0.0
2018-02-14,64.031,64.196,63.025,63.779,1056900,0.0,0.0
2018-02-15,64.227,65.139,64.023,64.856,1124800,0.0,0.0
2018-02-16,64.746,65.367,63.96,64.612,1212000,0.0,0.0
2018-02-20,64.455,64.84,63.363,63.473,1226600,0.0,0.0
2018-02-21,64.95,67.599,63.984,64.062,2656900,0.0,0.0
2018-02-22,64.274,66.585,63.025,66.365,1446600,0.0,0.0
2018-02-23,66.743,68.095,66.365,68.071,959100,0.0,0.0
2018-02-26,68.472,69.006,67.882,68.118,1326600,0.0,0.0
2018-02-27,68.275,68.574,66.711,66.719,974400,0.0,0.0
2018-02-28,67.096,68.032,66.656,66.853,1953900,0.0,0.0
2018-03-01,66.908,68.275,66.829,67.489,975100,0.0,0.0
2018-03-02,67.505,67.835,66.161,66.853,843900,0.0,0.0
2018-03-05,66.53,68.401,66.53,67.772,869400,0.0,0.0
2018-03-06,67.592,68.063,66.617,67.796,703600,0.0,0.0
2018-03-07,67.694,68.283,67.387,67.749,647000,0.0,0.0
2018-03-08,67.741,68.488,67.387,68.425,576700,0.0,0.0
2018-03-09,68.771,69.321,68.095,69.321,730100,0.0,0.0
2018-03-12,69.376,69.549,68.613,68.826,1119200,0.0,0.0
2018-03-13,68.999,69.36,68.496,69.101,1716000,0.0,0.0
2018-03-14,69.267,69.37,68.062,68.331,1029800,0.78,0.0
2018-03-15,68.149,68.577,67.919,68.387,925700,0.0,0.0
2018-03-16,68.173,68.427,67.967,68.189,1650400,0.0,0.0
2018-03-19,68.189,68.22,66.92,67.491,1343400,0.0,0.0
2018-03-20,67.681,68.339,67.404,67.824,920300,0.0,0.0
2018-03-21,67.753,68.316,66.983,67.562,834600,0.0,0.0
2018-03-22,67.554,67.99,66.801,66.864,973800,0.0,0.0
2018-03-23,66.706,67.174,65.667,65.81,868800,0.0,0.0
2018-03-26,66.357,67.063,65.722,66.904,1378300,0.0,0.0
2018-03-27,66.912,68.736,66.182,67.848,1217000,0.0,0.0
2018-03-28,68.181,69.632,67.951,69.283,1135900,0.0,0.0
2018-03-29,69.125,69.577,67.998,69.283,1180000,0.0,0.0
2018-04-02,69.386,69.45,67.396,68.014,935400,0.0,0.0
2018-04-03,68.062,69.061,67.197,68.569,770800,0.0,0.0
2018-04-04,68.292,69.934,68.157,69.553,956600,0.0,0.0
2018-04-05,69.632,69.735,68.268,69.616,1071300,0.0,0.0
2018-04-06,69.672,70.068,68.665,68.855,598200,0.0,0.0
2018-04-09,68.839,69.418,68.815,68.895,683000,0.0,0.0
2018-04-10,69.204,69.934,68.728,69.458,731200,0.0,0.0
2018-04-11,69.37,69.751,68.799,69.378,1173600,0.0,0.0
2018-04-12,69.442,69.442,67.356,67.8,861000,0.0,0.0
2018-04-13,68.252,69.132,67.816,69.061,787300,0.0,0.0
2018-04-16,69.196,69.743,68.791,69.275,653000,0.0,0.0
2018-04-17,69.434,71.052,69.362,70.687,1013700,0.0,0.0
2018-04-18,70.695,71.076,70.441,71.028,968200,0.0,0.0
2018-04-19,70.782,70.782,68.799,69.315,948600,0.0,0.0
2018-04-20,69.402,69.481,68.117,68.276,738700,0.0,0.0
2018-04-23,68.331,68.736,67.808,68.133,612500,0.0,0.0
2018-04-24,68.316,69.045,68.022,68.76,651600,0.0,0.0
2018-04-25,68.514,68.895,67.927,68.427,616700,0.0,0.0
2018-04-26,68.609,70.663,68.609,70.163,1058200,0.0,0.0
2018-04-27,69.941,71.409,69.894,71.194,658300,0.0,0.0
2018-04-30,71.512,71.694,70.671,71.052,765000,0.0,0.0
2018-05-01,71.107,71.829,71.091,71.702,1327200,0.0,0.0
2018-05-02,70.576,72.138,69.545,71.028,1472800,0.0,0.0
2018-05-03,71.329,73.082,70.782,72.757,1967000,0.0,0.0
2018-05-04,72.63,73.217,72.218,73.114,873600,0.0,0.0
2018-05-07,73.209,74.184,72.844,74.105,803100,0.0,0.0
2018-05-08,74.288,74.51,73.288,74.176,781700,0.0,0.0
2018-05-09,74.549,74.835,74.137,74.795,482800,0.0,0.0
2018-05-10,75.303,75.644,74.97,75.469,590300,0.0,0.0
2018-05-11,75.675,76.104,75.358,75.541,794600,0.0,0.0
2018-05-14,75.461,75.477,74.327,74.819,819900,0.0,0.0
2018-05-15,74.462,74.462,73.082,73.375,1055400,0.0,0.0
2018-05-16,73.542,73.669,72.749,73.114,775200,0.0,0.0
2018-05-17,73.034,73.296,72.67,72.979,549200,0.0,0.0
2018-05-18,72.947,73.225,72.368,72.947,563600,0.0,0.0
2018-05-21,73.217,73.843,72.701,73.74,676100,0.0,0.0
2018-05-22,73.637,74.002,73.003,73.423,944600,0.0,0.0
2018-05-23,73.645,74.74,73.55,74.343,1114800,0.0,0.0
2018-05-24,74.303,75.43,74.089,75.422,1404900,0.0,0.0
2018-05-25,75.533,76.278,75.287,75.461,868100,0.0,0.0
2018-05-29,75.287,76.278,75.041,75.858,1160800,0.0,0.0
2018-05-30,75.58,77.198,75.081,76.881,684900,0.0,0.0
2018-05-31,76.77,76.786,76.088,76.334,1017500,0.0,0.0
2018-06-01,76.524,76.635,75.755,76.619,603300,0.0,0.0
2018-06-04,77.087,78.475,76.714,78.38,896500,0.0,0.0
2018-06-05,78.419,78.959,77.42,77.46,1063200,0.0,0.0
2018-06-06,77.095,77.904,77.079,77.317,995200,0.0,0.0
2018-06-07,77.46,77.753,76.984,77.507,726700,0.0,0.0
2018-06-08,77.626,78.166,77.341,77.737,599800,0.0,0.0
2018-06-11,77.682,77.928,77.055,77.61,651800,0.0,0.0
2018-06-12,77.428,78.848,77.166,78.063,769900,0.0,0.0
2018-06-13,78.205,78.665,76.397,76.897,1241900,0.0,0.0
2018-06-14,77.401,78.393,77.217,78.041,713300,0.86,0.0
2018-06-15,78.121,78.457,77.281,77.385,1078700,0.0,0.0
2018-06-18,77.505,78.097,77.289,77.761,669500,0.0,0.0
2018-06-19,77.465,78.441,77.401,77.889,754900,0.0,0.0
2018-06-20,77.977,78.937,77.977,78.577,770100,0.0,0.0
2018-06-21,78.745,79.817,78.481,79.769,855600,0.0,0.0
2018-06-22,79.793,79.953,79.393,79.433,769100,0.0,0.0
2018-06-25,79.849,80.642,79.121,80.025,1384100,0.0,0.0
2018-06-26,80.017,81.586,79.729,80.786,1654400,0.0,0.0
2018-06-27,81.042,81.45,79.673,79.737,1072500,0.0,0.0
2018-06-28,80.001,81.162,79.753,80.097,890800,0.0,0.0
2018-06-29,79.841,80.385,78.801,79.865,1503900,0.0,0.0
2018-07-02,79.801,80.257,78.593,79.097,926200,0.0,0.0
2018-07-03,79.073,80.153,78.913,79.441,551500,0.0,0.0
2018-07-05,79.585,80.61,79.081,80.554,971800,0.0,0.0
2018-07-06,80.634,80.93,80.281,80.626,686400,0.0,0.0
2018-07-09,80.794,80.794,78.977,79.465,978400,0.0,0.0
2018-07-10,79.465,80.089,79.089,79.401,1165400,0.0,0.0
2018-07-11,79.049,79.465,78.801,79.129,984400,0.0,0.0
2018-07-12,78.881,79.345,78.489,78.945,1158900,0.0,0.0
2018-07-13,79.121,79.625,77.257,77.465,1324000,0.0,0.0
2018-07-16,77.305,77.529,76.377,77.385,1220400,0.0,0.0
2018-07-17,77.385,77.417,75.424,75.76,1392600,0.0,0.0
2018-07-18,74.816,75.736,74.544,75.528,1599600,0.0,0.0
2018-07-19,75.656,76.449,75.072,76.113,739800,0.0,0.0
2018-07-20,75.784,76.201,75.368,75.672,468300,0.0,0.0
2018-07-23,75.632,75.696,74.88,75.2,478800,0.0,0.0
2018-07-24,75.224,75.496,74.64,74.904,1089700,0.0,0.0
2018-07-25,75.184,75.592,74.728,75.416,975200,0.0,0.0
2018-07-26,75.68,76.305,75.6,75.776,1472900,0.0,0.0
2018-07-27,76.001,76.001,74.176,74.336,723000,0.0,0.0
2018-07-30,74.584,75.056,73.76,74.824,1135000,0.0,0.0
2018-07-31,75.256,75.832,75.008,75.192,973000,0.0,0.0
2018-08-01,73.432,74.144,72.384,74.12,1430900,0.0,0.0
2018-08-02,74.072,75.192,72.584,72.776,2337300,0.0,0.0
2018-08-03,73.104,74.208,72.84,73.776,1496400,0.0,0.0
2018-08-06,73.904,75.216,73.784,74.752,1211400,0.0,0.0
2018-08-07,74.792,75.048,74.136,74.936,647600,0.0,0.0
2018-08-08,75.032,75.208,74.76,74.88,375100,0.0,0.0
2018-08-09,74.928,75.216,74.608,74.656,640900,0.0,0.0
2018-08-10,74.448,75.128,73.872,74.336,495100,0.0,0.0
2018-08-13,74.312,74.92,74.12,74.256,615900,0.0,0.0
2018-08-14,74.328,74.792,73.904,74.064,859200,0.0,0.0
2018-08-15,73.992,74.608,73.848,74.376,599100,0.0,0.0
2018-08-16,74.408,75.456,74.4,75.432,648000,0.0,0.0
2018-08-17,75.48,76.409,75.368,76.161,643200,0.0,0.0
2018-08-20,76.209,76.641,75.88,75.929,495400,0.0,0.0
2018-08-21,75.928,75.928,74.744,74.936,993400,0.0,0.0
2018-08-22,74.992,75.072,72.744,73.352,1061700,0.0,0.0
2018-08-23,73.416,73.624,72.84,73.224,499200,0.0,0.0
2018-08-24,73.288,74.128,73.232,74.04,454500,0.0,0.0
2018-08-27,74.216,74.216,72.688,73.328,789100,0.0,0.0
2018-08-28,73.408,73.92,72.952,73.912,787900,0.0,0.0
2018-08-29,73.84,74.128,73.424,73.656,552800,0.0,0.0
2018-08-30,73.8,73.904,73.288,73.488,684100,0.0,0.0
2018-08-31,73.616,74.144,73.24,73.784,732500,0.0,0.0
2018-09-04,73.704,74.304,73.2,73.536,585600,0.0,0.0
2018-09-05,73.28,74.56,72.976,73.92,718700,0.0,0.0
2018-09-06,74.16,74.664,74.016,74.184,1039700,0.0,0.0
2018-09-07,73.744,73.896,72.032,72.12,671700,0.0,0.0
2018-09-10,72.464,73.496,72.28,72.744,962900,0.0,0.0
2018-09-11,72.36,72.944,72.136,72.296,1208400,0.0,0.0
2018-09-12,72.32,72.584,71.864,72.312,1056900,0.0,0.0
2018-09-13,72.74,73.33,72.57,72.732,784600,0.86,0.0
2018-09-14,72.514,72.514,71.092,71.423,1387600,0.0,0.0
2018-09-17,71.391,72.166,71.326,72.158,1180800,0.0,0.0
2018-09-18,72.223,72.409,70.93,71.027,651500,0.0,0.0
2018-09-19,71.156,71.27,70.122,70.155,1017500,0.0,0.0
2018-09-20,70.244,70.785,69.961,70.591,1607400,0.0,0.0
2018-09-21,70.486,71.367,70.106,70.841,1517300,0.0,0.0
2018-09-24,70.793,70.914,69.638,70.308,1011800,0.0,0.0
2018-09-25,70.429,70.615,69.888,70.203,1072500,0.0,0.0
2018-09-26,70.332,70.72,69.791,69.824,962200,0.0,0.0
2018-09-27,69.977,70.292,68.935,69.096,747900,0.0,0.0
2018-09-28,69.096,70.025,69.008,69.993,1701200,0.0,0.0
2018-10-01,70.227,70.349,69.258,69.266,777100,0.0,0.0
2018-10-02,69.468,69.735,69.072,69.323,810400,0.0,0.0
2018-10-03,69.242,69.525,68.345,68.668,868700,0.0,0.0
2018-10-04,68.45,68.636,67.618,68.515,715900,0.0,0.0
2018-10-05,68.418,69.088,68.353,68.919,730400,0.0,0.0
2018-10-08,69.072,70.147,68.773,69.508,900000,0.0,0.0
2018-10-09,69.411,70.405,69.032,70.365,870900,0.0,0.0
2018-10-10,70.284,70.688,69.735,69.735,976900,0.0,0.0
2018-10-11,70.034,70.058,68.353,68.353,1352000,0.0,0.0
2018-10-12,68.725,69.032,68.256,68.555,709200,0.0,0.0
2018-10-15,68.418,69.904,68.418,69.096,682100,0.0,0.0
2018-10-16,69.226,70.365,68.903,70.082,871500,0.0,0.0
2018-10-17,69.945,70.365,68.927,69.525,767600,0.0,0.0
2018-10-18,69.517,70.405,69.508,69.775,579100,0.0,0.0
2018-10-19,70.001,70.664,69.848,70.429,642200,0.0,0.0
2018-10-22,70.704,71.326,69.403,69.42,583900,0.0,0.0
2018-10-23,69.282,70.163,68.765,69.832,495400,0.0,0.0
2018-10-24,69.985,71.391,69.702,70.882,890700,0.0,0.0
2018-10-25,70.987,71.641,70.405,71.31,651000,0.0,0.0
2018-10-26,71.334,71.633,69.694,70.841,1486500,0.0,0.0
2018-10-29,71.156,73.467,71.1,73.192,1139300,0.0,0.0
2018-10-30,73.111,74.178,72.57,73.491,2085500,0.0,0.0
2018-10-31,73.515,74.679,72.699,72.756,1552200,0.0,0.0
2018-11-01,72.845,73.75,72.506,73.015,1119900,0.0,0.0
2018-11-02,72.99,72.99,69.807,70.462,1382900,0.0,0.0
2018-11-05,70.421,72.037,70.284,71.795,1338700,0.0,0.0
2018-11-06,71.787,72.247,71.455,71.657,882200,0.0,0.0
2018-11-07,71.875,72.465,71.528,72.328,788000,0.0,0.0
2018-11-08,72.296,72.934,72.118,72.934,730700,0.0,0.0
2018-11-09,72.91,73.742,72.91,73.313,673600,0.0,0.0
2018-11-12,73.523,74.606,73.087,73.822,791800,0.0,0.0
2018-11-13,74.089,74.259,73.168,74.146,743200,0.0,0.0
2018-11-14,74.291,75.535,74.259,75.131,1329700,0.0,0.0
2018-11-15,74.776,75.277,74.307,75.018,890400,0.0,0.0
2018-11-16,75.018,76.739,74.8,76.698,2493500,0.0,0.0
2018-11-19,76.706,77.361,75.971,77.07,2792200,0.0,0.0
2018-11-20,77.393,77.732,76.004,76.343,1026300,0.0,0.0
2018-11-21,76.173,76.286,75.034,75.042,654500,0.0,0.0
2018-11-23,74.994,75.462,74.339,75.204,196400,0.0,0.0
2018-11-26,75.422,75.495,74.63,74.824,905400,0.0,0.0
2018-11-27,74.856,75.341,74.63,75.325,937300,0.0,0.0
2018-11-28,75.228,76.278,74.784,75.769,804000,0.0,0.0
2018-11-29,75.624,76.642,75.123,76.254,787100,0.0,0.0
2018-11-30,76.488,77.547,76.101,77.539,1996400,0.0,0.0
2018-12-03,77.514,78.395,77.256,78.371,1462100,0.0,0.0
2018-12-04,78.419,79.033,77.854,78.282,1117400,0.0,0.0
2018-12-06,78.225,80.778,77.627,80.641,1333600,0.0,0.0
2018-12-07,80.6,80.6,79.469,79.736,995400,0.0,0.0
2018-12-10,79.841,79.841,77.878,78.912,684500,0.0,0.0
2018-12-11,79.065,79.873,78.807,79.421,675900,0.0,0.0
2018-12-12,79.825,80.075,78.249,78.605,1452700,0.0,0.0
2018-12-13,78.703,79.974,78.572,79.387,1379200,0.86,0.0
2018-12-14,79.208,79.999,78.898,79.322,1351700,0.0,0.0
2018-12-17,79.607,79.607,75.801,75.964,1410300,0.0,0.0
2018-12-18,76.51,77.146,75.94,76.38,1083700,0.0,0.0
2018-12-19,76.747,77.162,75.883,76.437,807100,0.0,0.0
2018-12-20,76.315,76.657,75.206,75.834,1231600,0.0,0.0
2018-12-21,75.638,77.358,75.361,75.459,1659100,0.0,0.0
2018-12-24,75.418,75.418,72.19,72.215,424300,0.0,0.0
2018-12-26,72.435,73.666,71.555,73.609,757900,0.0,0.0
2018-12-27,73.217,73.984,71.538,73.926,742400,0.0,0.0
2018-12-28,74.399,74.562,72.81,73.323,775000,0.0,0.0
2018-12-31,73.323,73.747,72.842,73.747,537300,0.0,0.0
2019-01-02,73.446,73.446,70.903,71.269,845700,0.0,0.0
2019-01-03,71.278,72.851,71.278,72.101,711800,0.0,0.0
2019-01-04,72.256,73.217,71.498,71.595,831200,0.0,0.0
2019-01-07,71.767,72.37,71.416,71.481,864300,0.0,0.0
2019-01-08,71.661,72.736,71.326,72.614,1063500,0.0,0.0
2019-01-09,72.842,72.842,71.489,72.141,520200,0.0,0.0
2019-01-10,72.166,73.625,72.019,73.331,948300,0.0,0.0
2019-01-11,73.454,73.731,72.606,73.136,673800,0.0,0.0
2019-01-14,73.103,74.31,72.614,73.38,780300,0.0,0.0
2019-01-15,73.543,74.823,73.331,74.644,483300,0.0,0.0
2019-01-16,74.456,75.426,73.951,74.994,746000,0.0,0.0
2019-01-17,74.79,75.606,74.253,75.1,497600,0.0,0.0
2019-01-18,75.092,75.328,74.709,75.255,549600,0.0,0.0
2019-01-22,75.377,75.54,74.684,75.271,677500,0.0,0.0
2019-01-23,75.296,75.646,74.554,75.092,692000,0.0,0.0
2019-01-24,75.149,75.328,74.864,75.011,522900,0.0,0.0
2019-01-25,75.019,75.98,75.019,75.923,835300,0.0,0.0
2019-01-28,75.948,77.382,75.524,77.244,898200,0.0,0.0
2019-01-29,77.415,78.719,77.154,78.695,694900,0.0,0.0
2019-01-30,78.458,79.608,78.295,79.493,1332600,0.0,0.0
2019-01-31,79.444,80.471,78.809,80.374,998100,0.0,0.0
2019-02-01,80.423,80.423,78.206,79.567,709500,0.0,0.0
2019-02-04,79.208,79.893,78.964,79.885,397900,0.0,0.0
2019-02-05,80.292,80.292,79.208,79.901,710400,0.0,0.0
2019-02-06,79.893,80.121,79.51,80.08,678900,0.0,0.0
2019-02-07,80.145,81.384,79.86,81.181,710000,0.0,0.0
2019-02-08,81.278,82.028,81.148,81.816,776700,0.0,0.0
2019-02-11,81.661,81.971,81.295,81.474,654900,0.0,0.0
2019-02-12,81.311,81.678,79.917,80.692,704200,0.0,0.0
2019-02-13,80.471,81.278,80.26,80.952,675600,0.0,0.0
2019-02-14,81.058,81.221,80.284,80.675,665600,0.0,0.0
2019-02-15,80.969,81.335,80.341,81.278,802700,0.0,0.0
2019-02-19,81.213,81.287,80.634,80.781,731100,0.0,0.0
2019-02-20,80.724,80.92,77.961,78.246,1672500,0.0,0.0
2019-02-21,76.681,76.681,74.171,75.214,2699300,0.0,0.0
2019-02-22,75.703,77.081,75.116,77.073,1418200,0.0,0.0
2019-02-25,77.073,77.122,75.092,76.192,1393600,0.0,0.0
2019-02-26,76.412,76.453,75.54,76.201,935300,0.0,0.0
2019-02-27,75.907,77.17,75.451,76.91,1030900,0.0,0.0
2019-02-28,76.926,78.686,76.364,78.197,1764000,0.0,0.0
2019-03-01,78.075,78.181,77.081,77.904,1130300,0.0,0.0
2019-03-04,78.238,78.646,77.651,78.491,918100,0.0,0.0
2019-03-05,78.336,79.754,78.336,79.713,979500,0.0,0.0
2019-03-06,79.917,80.023,79.127,79.265,622500,0.0,0.0
2019-03-07,79.518,79.958,78.686,79.004,703700,0.0,0.0
2019-03-08,79.004,79.542,78.499,79.11,469200,0.0,0.0
2019-03-11,79.322,80.634,79.322,80.602,709700,0.0,0.0
2019-03-12,80.692,81.254,80.439,81.213,523500,0.0,0.0
2019-03-13,81.221,82.525,81.099,81.629,630500,0.0,0.0
2019-03-14,81.884,82.402,80.313,82.254,1352100,0.86,0.0
2019-03-15,82.295,82.624,81.678,82.032,1792400,0.0,0.0
2019-03-18,82.032,82.155,81.111,81.514,814100,0.0,0.0
2019-03-19,81.604,81.785,80.963,81.333,909400,0.0,0.0
2019-03-20,81.152,81.875,80.618,81.612,1046100,0.0,0.0
2019-03-21,81.111,82.854,80.946,82.755,547500,0.0,0.0
2019-03-22,83.035,84.095,82.533,82.714,866200,0.0,0.0
2019-03-25,82.747,83.783,82.426,83.314,492300,0.0,0.0
2019-03-26,83.429,83.733,82.648,83.684,668500,0.0,0.0
2019-03-27,83.816,83.873,82.665,83.158,673300,0.0,0.0
2019-03-28,83.429,84.498,83.142,84.482,510900,0.0,0.0
2019-03-29,84.375,84.473,83.487,83.783,848000,0.0,0.0
2019-04-01,83.035,83.281,82.089,83.183,1001900,0.0,0.0
2019-04-02,83.24,84.087,82.336,83.931,1988900,0.0,0.0
2019-04-03,83.98,84.358,83.035,84.013,880700,0.0,0.0
2019-04-04,83.955,84.112,82.747,82.969,442500,0.0,0.0
2019-04-05,83.15,83.618,82.87,83.561,439400,0.0,0.0
2019-04-08,83.224,83.314,81.9,82.319,1102900,0.0,0.0
2019-04-09,82.574,83.586,82.147,83.026,644600,0.0,0.0
2019-04-10,83.331,84.112,83.298,83.849,805400,0.0,0.0
2019-04-11,84.005,84.293,83.01,83.528,700100,0.0,0.0
2019-04-12,83.503,84.029,82.87,84.013,448100,0.0,0.0
2019-04-15,84.153,84.424,83.224,83.594,469600,0.0,0.0
2019-04-16,83.544,83.544,81.719,82.237,440700,0.0,0.0
2019-04-17,82.303,82.484,81.349,82.04,751200,0.0,0.0
2019-04-18,82.056,82.969,81.802,82.788,625100,0.0,0.0
2019-04-22,82.402,82.64,80.527,81.588,773700,0.0,0.0
2019-04-23,81.958,82.467,81.637,82.287,570800,0.0,0.0
2019-04-24,82.673,83.849,82.451,83.701,497200,0.0,0.0
2019-04-25,83.413,84.153,83.174,83.89,604000,0.0,0.0
2019-04-26,84.219,85.526,83.668,85.139,1107700,0.0,0.0
2019-04-29,85.156,85.419,83.857,84.391,1468100,0.0,0.0
2019-04-30,84.654,85.855,84.186,85.246,1337300,0.0,0.0
2019-05-01,85.09,88.847,84.761,87.137,1650000,0.0,0.0
2019-05-02,87.162,88.041,86.405,87.523,1075200,0.0,0.0
2019-05-03,87.762,88.115,86.915,87.376,624300,0.0,0.0
2019-05-06,87.318,87.713,86.685,87.351,396800,0.0,0.0
2019-05-07,87.17,87.178,85.131,85.633,954900,0.0,0.0
2019-05-08,85.715,86.553,84.761,85.032,1428200,0.0,0.0
2019-05-09,84.884,85.616,84.589,85.328,1012900,0.0,0.0
2019-05-10,85.37,87.277,85.37,87.047,523500,0.0,0.0
2019-05-13,86.463,88.477,86.463,88.477,1529000,0.0,0.0
2019-05-14,88.6,88.954,86.923,87.663,1241800,0.0,0.0
2019-05-15,87.819,88.666,87.4,87.581,688800,0.0,0.0
2019-05-16,87.293,88.041,87.293,87.351,710200,0.0,0.0
2019-05-17,87.121,87.376,86.701,87.137,1131700,0.0,0.0
2019-05-20,87.129,87.532,86.627,87.038,546200,0.0,0.0
2019-05-21,87.178,87.861,86.907,87.565,775600,0.0,0.0
2019-05-22,87.696,87.967,87.236,87.351,476800,0.0,0.0
2019-05-23,87.162,87.984,87.162,87.713,1104600,0.0,0.0
2019-05-24,88.148,88.65,87.754,87.951,750800,0.0,0.0
2019-05-28,88.288,88.674,86.537,86.57,1584600,0.0,0.0
2019-05-29,86.71,86.71,85.452,86.134,1051900,0.0,0.0
2019-05-30,86.257,86.973,86.101,86.866,599100,0.0,0.0
2019-05-31,86.858,88.452,86.57,88.099,657600,0.0,0.0
2019-06-03,88.444,88.707,86.981,88.009,948000,0.0,0.0
2019-06-04,87.869,87.869,86.66,87.45,835500,0.0,0.0
2019-06-05,87.967,90.294,87.63,90.212,787800,0.0,0.0
2019-06-06,90.302,90.393,89.102,89.538,742700,0.0,0.0
2019-06-07,90.138,91.083,89.801,90.006,803000,0.0,0.0
2019-06-10,90.015,90.08,89.316,89.71,441300,0.0,0.0
2019-06-11,89.825,90.031,88.757,89.702,604900,0.0,0.0
2019-06-12,89.941,90.787,89.414,89.472,541100,0.0,0.0
2019-06-13,89.555,89.895,89.157,89.571,880100,0.9,0.0
2019-06-14,89.538,90.259,89.447,89.58,913000,0.0,0.0
2019-06-17,89.969,90.55,89.795,90.16,737400,0.0,0.0
2019-06-18,90.55,90.55,88.842,89.82,1014100,0.0,0.0
2019-06-19,89.397,90.873,88.759,90.434,765500,0.0,0.0
2019-06-20,90.765,90.989,90.027,90.425,886100,0.0,0.0
2019-06-21,90.351,90.351,88.61,89.314,1681600,0.0,0.0
2019-06-24,89.489,89.745,88.593,88.892,800500,0.0,0.0
2019-06-25,89.182,89.43,88.195,88.195,798900,0.0,0.0
2019-06-26,88.22,88.228,86.314,87.093,1229900,0.0,0.0
2019-06-27,87.656,88.187,87.184,87.549,614600,0.0,0.0
2019-06-28,87.449,88.336,87.441,87.955,1194800,0.0,0.0
2019-07-01,88.411,88.411,86.396,87.632,717000,0.0,0.0
2019-07-02,88.005,89.994,88.005,88.958,1801300,0.0,0.0
2019-07-03,89.024,90.044,89.024,89.944,519800,0.0,0.0
2019-07-05,89.489,90.276,88.51,89.944,378700,0.0,0.0
2019-07-08,89.969,91.047,89.77,90.707,568400,0.0,0.0
2019-07-09,90.691,91.851,90.649,91.652,491200,0.0,0.0
2019-07-10,91.909,92.489,90.981,92.382,547100,0.0,0.0
2019-07-11,92.166,92.531,91.238,91.685,510500,0.0,0.0
2019-07-12,91.893,92.116,91.254,91.901,337400,0.0,0.0
2019-07-15,92.266,93.36,91.967,92.838,788900,0.0,0.0
2019-07-16,92.614,92.804,92.025,92.349,518600,0.0,0.0
2019-07-17,92.697,93.07,91.727,92.299,417700,0.0,0.0
2019-07-18,92.0,92.456,91.379,92.092,524500,0.0,0.0
2019-07-19,92.199,92.324,89.944,90.102,650000,0.0,0.0
2019-07-22,90.235,90.624,89.538,90.102,450900,0.0,0.0
2019-07-23,90.052,91.204,89.737,91.188,327000,0.0,0.0
2019-07-24,91.296,91.312,90.317,91.039,664400,0.0,0.0
2019-07-25,91.155,91.387,90.5,91.146,517600,0.0,0.0
2019-07-26,91.196,91.768,90.724,91.403,456700,0.0,0.0
2019-07-29,91.768,92.995,91.578,92.357,568400,0.0,0.0
2019-07-30,92.257,93.526,92.125,92.763,699400,0.0,0.0
2019-07-31,92.722,94.728,92.597,93.169,1424200,0.0,0.0
2019-08-01,93.501,94.885,92.688,94.628,713900,0.0,0.0
2019-08-02,94.786,95.664,93.816,95.175,716300,0.0,0.0
2019-08-05,95.25,95.822,93.368,94.603,1041500,0.0,0.0
2019-08-06,94.355,96.294,94.189,95.54,995300,0.0,0.0
2019-08-07,95.54,97.505,94.893,96.974,840900,0.0,0.0
2019-08-08,96.858,98.491,96.112,98.408,841300,0.0,0.0
2019-08-09,98.425,98.806,97.372,98.35,1288300,0.0,0.0
2019-08-12,98.325,98.856,97.878,98.732,667400,0.0,0.0
2019-08-13,98.69,98.955,97.397,98.657,761100,0.0,0.0
2019-08-14,98.707,98.997,97.72,97.795,565100,0.0,0.0
2019-08-15,98.06,100.381,97.878,100.141,771500,0.0,0.0
2019-08-16,100.414,100.605,99.801,99.992,944900,0.0,0.0
2019-08-19,100.348,101.161,99.627,100.895,619400,0.0,0.0
2019-08-20,101.824,101.857,99.992,100.274,730500,0.0,0.0
2019-08-21,100.564,101.028,100.008,100.116,1000100,0.0,0.0
2019-08-22,100.307,100.846,99.652,100.613,1305600,0.0,0.0
2019-08-23,100.928,102.097,99.917,100.307,805300,0.0,0.0
2019-08-26,100.489,100.912,99.76,100.738,567900,0.0,0.0
2019-08-27,101.094,101.815,100.448,100.497,676500,0.0,0.0
2019-08-28,100.788,101.078,100.282,100.307,616700,0.0,0.0
2019-08-29,100.688,100.862,99.925,100.481,821300,0.0,0.0
2019-08-30,100.68,101.368,100.083,101.069,678600,0.0,0.0
2019-09-03,100.962,102.271,100.837,101.517,906100,0.0,0.0
2019-09-04,101.956,103.175,101.708,102.396,1050800,0.0,0.0
2019-09-05,102.106,102.578,100.116,100.473,1009100,0.0,0.0
2019-09-06,100.754,101.028,99.196,99.262,917800,0.0,0.0
2019-09-09,99.179,99.378,97.596,98.052,1292700,0.0,0.0
2019-09-10,97.496,97.936,95.341,95.979,1088300,0.0,0.0
2019-09-11,95.615,96.941,95.026,96.609,841100,0.0,0.0
2019-09-12,97.555,98.582,96.701,96.991,965000,0.0,0.0
2019-09-13,97.133,97.617,96.523,97.007,1073500,0.9,0.0
2019-09-16,96.13,97.968,95.462,97.843,1031200,0.0,0.0
2019-09-17,98.344,98.971,97.876,98.344,845200,0.0,0.0
2019-09-18,98.511,98.703,96.757,97.601,693200,0.0,0.0
2019-09-19,98.119,98.227,97.066,97.617,791100,0.0,0.0
2019-09-20,98.06,98.419,96.665,96.891,1712700,0.0,0.0
2019-09-23,96.506,97.108,96.373,96.69,996100,0.0,0.0
2019-09-24,97.008,97.634,96.348,97.191,1399100,0.0,0.0
2019-09-25,97.241,97.868,96.982,97.801,791900,0.0,0.0
2019-09-26,98.085,98.787,97.601,98.561,939200,0.0,0.0
2019-09-27,98.611,98.645,96.824,97.484,631500,0.0,0.0
2019-09-30,97.292,98.394,97.275,97.592,763800,0.0,0.0
2019-10-01,97.333,97.5,95.178,96.632,806000,0.0,0.0
2019-10-02,96.757,97.525,96.063,96.239,818900,0.0,0.0
2019-10-03,96.465,97.918,96.423,97.45,1337600,0.0,0.0
2019-10-04,97.601,98.444,97.166,98.119,573400,0.0,0.0
2019-10-07,97.651,98.152,97.367,97.534,509600,0.0,0.0
2019-10-08,97.651,98.419,96.707,97.759,930300,0.0,0.0
2019-10-09,98.027,98.419,97.45,97.626,472700,0.0,0.0
2019-10-10,97.425,97.734,96.648,97.141,545000,0.0,0.0
2019-10-11,96.907,97.183,96.456,96.632,709800,0.0,0.0
2019-10-14,96.757,96.907,95.955,96.272,440300,0.0,0.0
2019-10-15,96.281,96.54,95.078,96.072,606300,0.0,0.0
2019-10-16,95.98,96.239,95.328,96.214,755600,0.0,0.0
2019-10-17,96.114,96.506,95.429,95.487,579400,0.0,0.0
2019-10-18,95.487,95.696,94.76,95.437,906900,0.0,0.0
2019-10-21,95.261,96.84,95.261,96.606,970900,0.0,0.0
2019-10-22,96.698,97.342,96.063,96.256,911700,0.0,0.0
2019-10-23,96.314,96.865,95.696,96.64,975900,0.0,0.0
2019-10-24,96.799,97.333,96.072,96.531,622900,0.0,0.0
2019-10-25,95.688,95.888,93.591,93.758,795500,0.0,0.0
2019-10-28,93.666,94.251,93.223,93.624,965000,0.0,0.0
2019-10-29,93.699,94.835,93.524,94.175,783600,0.0,0.0
2019-10-30,93.683,93.908,90.266,92.605,2113200,0.0,0.0
2019-10-31,92.872,93.875,92.714,93.791,1152500,0.0,0.0
2019-11-01,93.866,94.434,91.978,92.914,925100,0.0,0.0
2019-11-04,92.714,92.714,90.8,91.068,1048100,0.0,0.0
2019-11-05,90.533,90.842,88.495,89.48,1522500,0.0,0.0
2019-11-06,89.856,91.118,89.439,90.976,917100,0.0,0.0
2019-11-07,90.583,91.068,89.923,90.199,803400,0.0,0.0
2019-11-08,90.099,90.374,88.603,88.795,735500,0.0,0.0
2019-11-11,88.729,89.222,88.027,88.269,829300,0.0,0.0
2019-11-12,88.411,89.506,87.208,87.275,716100,0.0,0.0
2019-11-13,87.592,88.637,87.359,88.019,772600,0.0,0.0
2019-11-14,88.269,89.581,88.269,89.48,714900,0.0,0.0
2019-11-15,89.564,89.689,89.105,89.556,801800,0.0,0.0
2019-11-18,89.389,90.007,88.628,88.971,948600,0.0,0.0
2019-11-19,89.196,89.539,88.386,89.222,1219400,0.0,0.0
2019-11-20,89.572,89.89,88.57,89.364,630100,0.0,0.0
2019-11-21,89.013,89.079,87.885,88.252,833200,0.0,0.0
2019-11-22,88.545,88.553,87.283,88.219,933800,0.0,0.0
2019-11-25,88.528,88.904,87.592,87.768,1277900,0.0,0.0
2019-11-26,88.027,89.397,87.668,89.389,2357400,0.0,0.0
2019-11-27,88.971,88.979,88.286,88.729,580200,0.0,0.0
2019-11-29,88.904,89.313,88.319,88.595,449600,0.0,0.0
2019-12-02,88.328,88.52,87.15,87.392,762200,0.0,0.0
2019-12-03,87.643,88.879,87.643,88.754,812500,0.0,0.0
2019-12-04,88.303,89.372,88.177,88.929,1006600,0.0,0.0
2019-12-05,88.812,89.455,88.562,89.455,612100,0.0,0.0
2019-12-06,89.455,90.124,89.046,89.806,932700,0.0,0.0
2019-12-09,89.923,89.932,88.879,89.079,899800,0.0,0.0
2019-12-10,89.021,89.163,87.049,88.069,1008100,0.0,0.0
2019-12-11,88.227,88.394,86.907,87.684,1368200,0.0,0.0
2019-12-12,87.659,87.826,85.095,85.546,1590900,0.0,0.0
2019-12-13,85.874,86.481,84.981,86.212,1153100,0.9,0.0
2019-12-16,86.313,87.198,85.664,87.012,1134100,0.0,0.0
2019-12-17,87.054,87.476,86.33,86.549,1002600,0.0,0.0
2019-12-18,86.557,87.585,86.473,87.24,901400,0.0,0.0
2019-12-19,87.071,87.813,86.886,87.526,621400,0.0,0.0
2019-12-20,87.804,88.605,87.509,88.049,1564100,0.0,0.0
2019-12-23,88.285,88.614,87.358,87.484,462500,0.0,0.0
2019-12-24,87.611,88.116,87.214,87.99,171000,0.0,0.0
2019-12-26,88.116,88.201,87.358,88.158,374700,0.0,0.0
2019-12-27,88.386,88.614,87.712,88.083,446700,0.0,0.0
2019-12-30,87.83,88.327,87.307,87.922,688800,0.0,0.0
2019-12-31,88.032,89.018,87.863,89.018,1026800,0.0,0.0
2020-01-02,89.237,89.279,87.847,88.268,950900,0.0,0.0
2020-01-03,88.142,89.836,87.99,89.777,745000,0.0,0.0
2020-01-06,89.768,90.198,89.094,89.718,1207800,0.0,0.0
2020-01-07,89.246,89.558,88.715,89.313,893600,0.0,0.0
2020-01-08,89.33,89.684,88.622,89.49,791200,0.0,0.0
2020-01-09,89.237,90.03,89.035,89.237,639800,0.0,0.0
2020-01-10,89.397,90.906,89.254,90.83,817400,0.0,0.0
2020-01-13,90.83,91.218,90.249,91.125,1045700,0.0,0.0
2020-01-14,91.024,91.353,90.198,91.319,1062600,0.0,0.0
2020-01-15,91.732,92.55,91.589,92.364,1268300,0.0,0.0
2020-01-16,92.55,93.519,92.238,93.477,863800,0.0,0.0
2020-01-17,93.654,94.395,92.887,94.024,1616400,0.0,0.0
2020-01-21,94.277,95.213,93.974,95.027,728900,0.0,0.0
2020-01-22,95.238,95.483,92.027,92.465,1184000,0.0,0.0
2020-01-23,92.659,93.409,92.204,93.182,790600,0.0,0.0
2020-01-24,93.232,93.595,92.92,93.493,353500,0.0,0.0
2020-01-27,93.283,94.016,93.055,93.552,427800,0.0,0.0
2020-01-28,93.434,94.008,92.861,93.148,593000,0.0,0.0
2020-01-29,93.257,93.308,91.901,92.246,1283400,0.0,0.0
2020-01-30,92.12,93.257,91.875,93.198,568200,0.0,0.0
2020-01-31,93.283,93.637,92.684,93.283,668300,0.0,0.0
2020-02-03,93.316,93.713,92.263,92.356,611700,0.0,0.0
2020-02-04,92.212,93.207,92.212,92.887,511800,0.0,0.0
2020-02-05,92.575,92.971,92.019,92.263,803000,0.0,0.0
2020-02-06,92.255,93.215,92.255,92.727,426600,0.0,0.0
2020-02-07,93.072,93.611,92.777,92.887,387900,0.0,0.0
2020-02-10,93.46,93.763,93.021,93.763,413700,0.0,0.0
2020-02-11,93.746,94.429,93.628,94.016,449400,0.0,0.0
2020-02-12,93.831,95.036,93.696,94.53,620200,0.0,0.0
2020-02-13,94.665,95.491,94.547,95.272,596100,0.0,0.0
2020-02-14,95.55,97.303,95.381,97.286,665400,0.0,0.0
2020-02-18,97.446,97.606,96.738,97.261,857200,0.0,0.0
2020-02-19,94.96,94.968,89.726,90.586,2034300,0.0,0.0
2020-02-20,90.552,91.117,88.681,90.442,1284200,0.0,0.0
2020-02-21,90.282,92.541,90.249,92.035,929500,0.0,0.0
2020-02-24,91.799,93.805,91.277,91.707,1114600,0.0,0.0
2020-02-25,91.926,91.926,89.094,90.181,1138300,0.0,0.0
2020-02-26,89.903,92.507,89.288,90.737,1376200,0.0,0.0
2020-02-27,90.206,90.889,84.846,84.863,1480900,0.0,0.0
2020-02-28,84.458,85.571,81.82,84.585,2162400,0.0,0.0
2020-03-02,85.259,89.237,85.225,88.833,1287500,0.0,0.0
2020-03-03,88.824,90.51,87.686,89.043,1211800,0.0,0.0
2020-03-04,90.4,94.766,89.869,92.533,1457600,0.0,0.0
2020-03-05,91.665,93.443,90.872,93.182,979600,0.0,0.0
2020-03-06,91.26,93.047,89.743,92.727,972100,0.0,0.0
2020-03-09,89.027,91.243,87.695,89.254,1380900,0.0,0.0
2020-03-10,90.619,91.294,85.369,90.67,1597100,0.0,0.0
2020-03-11,88.74,89.271,87.248,87.99,1371100,0.0,0.0
2020-03-12,84.113,86.717,80.834,81.146,2108700,0.0,0.0
2020-03-13,84.277,85.306,78.968,82.167,2030500,0.9,0.0
2020-03-16,76.339,78.696,69.244,69.457,2025200,0.0,0.0
2020-03-17,70.469,75.08,69.729,73.362,1931300,0.0,0.0
2020-03-18,69.457,78.619,68.572,76.544,2893700,0.0,0.0
2020-03-19,75.94,77.173,71.72,73.762,2297200,0.0,0.0
2020-03-20,73.787,73.787,66.105,67.823,2037600,0.0,0.0
2020-03-23,67.823,68.257,61.851,63.476,1702900,0.0,0.0
2020-03-24,65.067,67.619,63.697,66.632,1945200,0.0,0.0
2020-03-25,65.96,74.17,65.637,70.648,1057700,0.0,0.0
2020-03-26,70.563,76.816,69.916,76.424,1469600,0.0,0.0
2020-03-27,74.782,82.661,74.544,81.691,1769000,0.0,0.0
2020-03-30,82.269,84.064,79.657,82.312,2442400,0.0,0.0
2020-03-31,81.401,82.541,79.632,81.469,2695600,0.0,0.0
2020-04-01,78.739,82.261,78.109,79.972,2317900,0.0,0.0
2020-04-02,78.841,82.49,77.539,81.64,2234900,0.0,0.0
2020-04-03,81.027,83.009,80.278,81.784,1733400,0.0,0.0
2020-04-06,83.29,85.323,82.541,84.975,1448700,0.0,0.0
2020-04-07,85.928,87.127,82.703,82.924,1406800,0.0,0.0
2020-04-08,82.431,83.996,81.393,83.537,1788900,0.0,0.0
2020-04-09,83.979,89.348,83.707,87.553,1660000,0.0,0.0
2020-04-13,86.77,87.059,81.487,82.057,1313000,0.0,0.0
2020-04-14,82.814,84.609,81.027,81.35,1680000,0.0,0.0
2020-04-15,81.257,81.886,78.169,79.121,1456900,0.0,0.0
2020-04-16,79.377,80.398,77.658,77.743,1198600,0.0,0.0
2020-04-17,77.692,79.879,77.692,79.206,1106100,0.0,0.0
2020-04-20,78.747,79.402,75.974,76.025,1099100,0.0,0.0
2020-04-21,74.927,76.042,73.719,75.565,955900,0.0,0.0
2020-04-22,76.501,77.99,76.144,77.845,793800,0.0,0.0
2020-04-23,77.564,77.922,74.655,74.799,1211200,0.0,0.0
2020-04-24,75.506,76.229,74.868,75.625,1285900,0.0,0.0
2020-04-27,75.999,78.015,75.029,77.981,913500,0.0,0.0
2020-04-28,79.215,80.321,78.237,78.841,1309800,0.0,0.0
2020-04-29,80.006,80.704,75.957,76.178,1177000,0.0,0.0
2020-04-30,75.293,75.871,74.11,75.072,1018300,0.0,0.0
2020-05-01,73.889,74.493,70.673,74.153,1386000,0.0,0.0
2020-05-04,74.621,74.629,71.813,72.57,983100,0.0,0.0
2020-05-05,72.783,74.4,72.443,73.081,699700,0.0,0.0
2020-05-06,73.268,73.268,70.894,71.464,840800,0.0,0.0
2020-05-07,72.247,75.344,72.0,75.012,1296400,0.0,0.0
2020-05-08,76.127,78.296,75.803,78.007,847300,0.0,0.0
2020-05-11,77.386,79.121,76.807,78.169,901500,0.0,0.0
2020-05-12,78.271,78.526,71.898,72.579,1205500,0.0,0.0
2020-05-13,72.171,73.574,71.269,71.796,1036700,0.0,0.0
2020-05-14,71.15,71.779,68.938,71.635,786100,0.0,0.0
2020-05-15,71.269,71.32,68.793,69.601,1113000,0.0,0.0
2020-05-18,71.124,74.629,71.124,74.127,988000,0.0,0.0
2020-05-19,73.694,74.919,72.647,74.4,754800,0.0,0.0
2020-05-20,74.953,75.395,73.285,74.544,754400,0.0,0.0
2020-05-21,74.059,75.123,73.421,73.957,510600,0.0,0.0
2020-05-22,73.881,74.578,73.064,73.362,523000,0.0,0.0
2020-05-26,75.029,78.662,74.885,78.432,1017000,0.0,0.0
2020-05-27,79.453,80.602,78.858,80.295,942300,0.0,0.0
2020-05-28,80.551,82.814,79.657,82.712,885200,0.0,0.0
2020-05-29,82.32,82.593,80.168,82.312,1352200,0.0,0.0
2020-06-01,82.388,84.413,81.044,84.073,940700,0.0,0.0
2020-06-02,85.077,85.596,83.282,85.23,1504000,0.0,0.0
2020-06-03,85.315,87.859,85.315,87.102,1280900,0.0,0.0
2020-06-04,86.736,86.948,85.085,86.319,771300,0.0,0.0
2020-06-05,88.446,90.496,87.706,87.918,1247700,0.0,0.0
2020-06-08,88.361,90.479,88.08,88.956,905300,0.0,0.0
2020-06-09,87.714,88.191,86.208,87.587,806600,0.0,0.0
2020-06-10,87.706,87.706,85.077,85.638,657600,0.0,0.0
2020-06-11,83.486,84.115,79.938,80.074,1260000,0.0,0.0
2020-06-12,82.359,83.545,80.358,83.072,811600,0.9,0.0
2020-06-15,81.406,84.215,80.77,83.682,918000,0.0,0.0
2020-06-16,86.053,86.147,83.175,83.854,942800,0.0,0.0
2020-06-17,84.335,84.747,82.703,83.313,637300,0.0,0.0
2020-06-18,82.505,82.66,80.882,82.05,667100,0.0,0.0
2020-06-19,83.235,83.235,79.653,79.859,2966900,0.0,0.0
2020-06-22,79.413,80.598,77.996,79.731,759200,0.0,0.0
2020-06-23,80.504,81.045,78.597,78.743,809300,0.0,0.0
2020-06-24,77.97,78.777,76.346,77.721,1023300,0.0,0.0
2020-06-25,77.532,78.932,77.171,78.846,721300,0.0,0.0
2020-06-26,78.829,79.722,77.575,78.176,1124700,0.0,0.0
2020-06-29,78.897,79.147,77.987,78.88,512500,0.0,0.0
2020-06-30,79.026,80.71,78.477,79.344,1201800,0.0,0.0
2020-07-01,79.473,83.527,79.061,83.287,853000,0.0,0.0
2020-07-02,84.249,84.781,83.072,83.536,755800,0.0,0.0
2020-07-06,85.074,85.228,82.308,82.643,543700,0.0,0.0
2020-07-07,81.844,82.72,81.242,81.672,609000,0.0,0.0
2020-07-08,81.715,82.385,81.32,82.179,933900,0.0,0.0
2020-07-09,81.955,82.325,80.564,81.784,429700,0.0,0.0
2020-07-10,81.973,83.038,81.973,82.677,804000,0.0,0.0
2020-07-13,83.021,83.21,82.144,82.462,811500,0.0,0.0
2020-07-14,82.84,84.0,82.531,83.579,740600,0.0,0.0
2020-07-15,84.249,84.704,83.622,84.249,870800,0.0,0.0
2020-07-16,84.0,84.507,82.823,83.063,951400,0.0,0.0
2020-07-17,83.227,85.116,82.282,84.764,1124100,0.0,0.0
2020-07-20,84.592,84.859,83.012,83.295,991200,0.0,0.0
2020-07-21,83.725,84.172,82.806,83.124,762600,0.0,0.0
2020-07-22,82.668,84.541,82.316,84.129,575900,0.0,0.0
2020-07-23,83.759,84.163,82.814,83.287,564500,0.0,0.0
2020-07-24,83.923,84.24,81.818,81.947,802200,0.0,0.0
2020-07-27,81.732,82.351,80.83,82.084,556800,0.0,0.0
2020-07-28,82.265,85.649,82.265,85.546,916500,0.0,0.0
2020-07-29,85.795,86.92,85.288,86.637,895700,0.0,0.0
2020-07-30,85.778,87.453,85.409,87.195,1665600,0.0,0.0
2020-07-31,87.092,88.853,86.027,88.767,1047700,0.0,0.0
2020-08-03,88.097,88.097,86.895,87.547,965900,0.0,0.0
2020-08-04,87.711,90.872,87.264,90.296,1051500,0.0,0.0
2020-08-05,90.769,91.018,86.998,87.848,1142600,0.0,0.0
2020-08-06,86.706,87.247,83.665,86.843,1145400,0.0,0.0
2020-08-07,86.594,89.557,86.414,89.128,1024800,0.0,0.0
2020-08-10,89.429,90.863,89.059,90.219,646300,0.0,0.0
2020-08-11,90.966,91.361,88.132,88.467,632900,0.0,0.0
2020-08-12,88.75,89.102,87.59,88.896,711900,0.0,0.0
2020-08-13,88.57,89.892,88.054,88.501,603900,0.0,0.0
2020-08-14,88.501,90.382,88.501,89.514,622200,0.0,0.0
2020-08-17,89.523,89.953,88.836,89.918,687300,0.0,0.0
2020-08-18,89.978,90.64,89.317,90.27,616100,0.0,0.0
2020-08-19,89.764,89.987,87.599,87.788,500500,0.0,0.0
2020-08-20,87.625,89.514,87.522,89.472,627400,0.0,0.0
2020-08-21,89.789,90.562,89.368,90.459,807800,0.0,0.0
2020-08-24,90.459,91.688,89.978,91.258,510800,0.0,0.0
2020-08-25,91.421,91.645,89.892,91.104,821400,0.0,0.0
2020-08-26,90.459,90.915,89.214,90.88,608200,0.0,0.0
2020-08-27,91.378,91.877,91.224,91.507,581900,0.0,0.0
2020-08-28,91.516,91.705,90.391,91.688,619300,0.0,0.0
2020-08-31,91.069,91.885,90.537,91.524,816600,0.0,0.0
2020-09-01,91.902,92.263,90.751,91.782,436300,0.0,0.0
2020-09-02,91.731,93.208,91.172,93.165,904100,0.0,0.0
2020-09-03,93.887,94.445,92.177,92.899,462800,0.0,0.0
2020-09-04,92.882,93.809,91.284,93.071,710300,0.0,0.0
2020-09-08,92.684,93.844,91.456,92.796,643200,0.0,0.0
2020-09-09,93.457,96.635,93.457,95.192,940900,0.0,0.0
2020-09-10,94.849,95.098,93.895,94.385,449800,0.0,0.0
2020-09-11,94.471,96.498,93.586,95.51,650900,0.0,0.0
2020-09-14,96.03,96.662,95.761,96.411,783600,0.9,0.0
2020-09-15,96.281,97.433,95.536,96.255,615100,0.0,0.0
2020-09-16,96.705,98.022,96.186,97.242,1096100,0.0,0.0
2020-09-17,96.489,97.303,95.19,96.307,770400,0.0,0.0
2020-09-18,95.432,96.125,94.61,94.67,1310000,0.0,0.0
2020-09-21,93.466,94.921,91.405,93.146,1038000,0.0,0.0
2020-09-22,92.878,94.558,92.878,93.388,976100,0.0,0.0
2020-09-23,93.397,93.397,89.699,90.401,1224000,0.0,0.0
2020-09-24,90.903,91.336,89.284,89.994,853900,0.0,0.0
2020-09-25,89.569,91.544,88.972,91.319,1453300,0.0,0.0
2020-09-28,92.678,94.159,92.115,93.631,797000,0.0,0.0
2020-09-29,93.432,94.012,92.133,92.869,630500,0.0,0.0
2020-09-30,93.259,93.787,91.916,92.652,1056000,0.0,0.0
2020-10-01,92.929,95.068,92.739,94.601,1061500,0.0,0.0
2020-10-02,94.125,97.736,93.077,97.329,1405300,0.0,0.0
2020-10-05,97.857,97.978,94.055,97.675,1198400,0.0,0.0
2020-10-06,98.229,98.974,96.082,96.948,1716200,0.0,0.0
2020-10-07,97.493,98.022,96.367,97.45,1069100,0.0,0.0
2020-10-08,97.649,98.688,97.502,98.506,1029800,0.0,0.0
2020-10-09,99.13,99.191,97.147,98.16,1137100,0.0,0.0
2020-10-12,98.221,98.81,96.774,98.645,723300,0.0,0.0
2020-10-13,99.069,99.069,95.813,97.987,2469000,0.0,0.0
2020-10-14,98.273,98.567,97.606,98.177,887400,0.0,0.0
2020-10-15,97.753,99.693,97.684,99.537,1357800,0.0,0.0
2020-10-16,99.329,100.022,98.836,99.269,1310200,0.0,0.0
2020-10-19,99.424,99.65,98.247,98.489,869600,0.0,0.0
2020-10-20,99.225,99.996,98.662,99.043,800600,0.0,0.0
2020-10-21,99.303,100.749,98.931,99.892,1171000,0.0,0.0
2020-10-22,99.658,101.884,99.658,101.719,930700,0.0,0.0
2020-10-23,102.187,102.793,101.373,102.759,920300,0.0,0.0
2020-10-26,102.222,102.81,100.568,102.715,1360400,0.0,0.0
2020-10-27,102.854,104.17,101.312,101.399,1021300,0.0,0.0
2020-10-28,100.975,101.771,99.061,100.195,1132200,0.0,0.0
2020-10-29,100.213,101.338,99.624,100.732,1494200,0.0,0.0
2020-10-30,100.091,101.312,99.0,100.412,785300,0.0,0.0
2020-11-02,100.931,101.797,99.71,100.325,1158500,0.0,0.0
2020-11-03,101.174,101.78,100.109,101.191,1889500,0.0,0.0
2020-11-04,101.321,103.59,100.732,101.624,1469500,0.0,0.0
2020-11-05,101.719,103.079,98.333,98.636,1509600,0.0,0.0
2020-11-06,99.485,100.49,97.381,97.615,1876000,0.0,0.0
2020-11-09,103.607,104.846,92.462,92.592,2201900,0.0,0.0
2020-11-10,92.592,100.031,92.081,100.031,1700100,0.0,0.0
2020-11-11,100.507,102.291,99.269,102.178,1294500,0.0,0.0
2020-11-12,102.334,102.447,99.121,100.091,603700,0.0,0.0
2020-11-13,101.815,102.118,100.576,101.944,837700,0.0,0.0
2020-11-16,103.226,103.33,99.632,102.109,1012800,0.0,0.0
2020-11-17,101.52,102.473,100.654,102.074,865900,0.0,0.0
2020-11-18,102.048,102.109,97.961,97.961,697700,0.0,0.0
2020-11-19,97.718,98.385,96.342,97.528,664800,0.0,0.0
2020-11-20,97.277,97.866,96.419,97.589,685200,0.0,0.0
2020-11-23,97.727,98.671,95.735,96.03,1024800,0.0,0.0
2020-11-24,96.679,96.826,94.826,95.259,1121400,0.0,0.0
2020-11-25,95.614,97.19,95.224,96.982,727100,0.0,0.0
2020-11-27,96.878,96.878,94.61,95.259,253100,0.0,0.0
2020-11-30,94.947,97.632,94.947,97.623,1072400,0.0,0.0
2020-12-01,97.796,98.879,96.697,98.429,1044700,0.0,0.0
2020-12-02,98.091,99.147,96.177,96.489,582400,0.0,0.0
2020-12-03,96.671,98.377,96.376,98.29,876800,0.0,0.0
2020-12-04,98.481,99.502,97.433,99.026,612200,0.0,0.0
2020-12-07,98.377,99.901,98.377,99.589,1192800,0.0,0.0
2020-12-08,99.554,99.589,97.996,98.359,694900,0.0,0.0
2020-12-09,98.351,98.55,96.385,97.424,653600,0.0,0.0
2020-12-10,97.052,98.229,95.25,95.276,1072400,0.0,0.0
2020-12-11,95.198,96.723,94.956,95.605,1067600,0.0,0.0
2020-12-14,96.54,98.583,95.701,95.937,1107000,0.9,0.0
2020-12-15,96.339,97.544,94.758,97.483,1950400,0.0,0.0
2020-12-16,97.771,98.085,96.173,96.976,2194600,0.0,0.0
2020-12-17,97.954,99.91,97.57,99.683,1076900,0.0,0.0
2020-12-18,99.351,99.971,97.579,98.216,1431900,0.0,0.0
2020-12-21,98.085,100.093,97.404,99.726,745600,0.0,0.0
2020-12-22,99.726,100.931,99.36,100.573,635200,0.0,0.0
2020-12-23,101.019,101.019,98.417,98.513,604800,0.0,0.0
2020-12-24,98.88,99.919,98.539,99.875,123300,0.0,0.0
2020-12-28,100.233,100.233,98.426,99.36,464000,0.0,0.0
2020-12-29,99.534,100.268,98.321,99.368,362200,0.0,0.0
2020-12-30,99.526,100.582,99.334,100.154,622300,0.0,0.0
2020-12-31,100.311,101.289,98.888,101.158,603100,0.0,0.0
2021-01-04,101.045,101.412,96.217,96.295,772900,0.0,0.0
2021-01-05,96.086,96.915,94.75,95.064,794800,0.0,0.0
2021-01-06,94.767,95.588,93.038,94.916,948900,0.0,0.0
2021-01-07,94.662,95.335,94.104,95.143,885000,0.0,0.0
2021-01-08,95.474,97.98,95.405,97.832,731000,0.0,0.0
2021-01-11,97.474,97.797,96.155,97.221,504300,0.0,0.0
2021-01-12,96.889,98.338,96.356,97.701,601300,0.0,0.0
2021-01-13,97.133,98.626,96.924,97.666,946100,0.0,0.0
2021-01-14,97.928,97.945,95.536,96.286,1021700,0.0,0.0
2021-01-15,96.54,98.085,95.92,97.945,1147900,0.0,0.0
2021-01-19,98.19,98.286,96.854,97.491,560400,0.0,0.0
2021-01-20,97.133,100.573,96.54,100.242,820100,0.0,0.0
2021-01-21,99.36,100.6,99.045,100.137,631300,0.0,0.0
2021-01-22,100.146,101.228,99.526,100.765,960500,0.0,0.0
2021-01-25,100.626,101.988,99.7,101.237,659200,0.0,0.0
2021-01-26,101.228,102.555,100.827,102.136,818600,0.0,0.0
2021-01-27,101.656,102.966,99.945,100.512,760900,0.0,0.0
2021-01-28,100.416,101.569,98.862,98.906,724600,0.0,0.0
2021-01-29,98.33,100.661,97.387,99.351,1106700,0.0,0.0
2021-02-01,100.25,101.892,98.426,101.822,775200,0.0,0.0
2021-02-02,101.787,102.66,100.53,102.258,811200,0.0,0.0
2021-02-03,101.56,101.883,99.971,101.289,569300,0.0,0.0
2021-02-04,101.796,103.175,101.123,102.101,600300,0.0,0.0
2021-02-05,102.451,102.451,101.438,101.822,679900,0.0,0.0
2021-02-08,101.647,102.372,101.045,102.311,435200,0.0,0.0
2021-02-09,102.756,104.52,102.407,104.467,403800,0.0,0.0
2021-02-10,105.533,105.637,102.704,103.297,537900,0.0,0.0
2021-02-11,102.704,103.376,102.232,102.791,663100,0.0,0.0
2021-02-12,102.634,102.634,101.167,102.049,468500,0.0,0.0
2021-02-16,101.979,102.966,100.521,102.32,939800,0.0,0.0
2021-02-17,102.389,103.411,101.708,102.835,642100,0.0,0.0
2021-02-18,102.302,104.712,102.302,103.315,692200,0.0,0.0
2021-02-19,103.638,105.096,102.459,104.45,2001200,0.0,0.0
2021-02-22,104.214,106.371,103.367,105.419,1224300,0.0,0.0
2021-02-23,110.012,114.43,109.296,110.448,1260300,0.0,0.0
2021-02-24,110.396,113.085,109.968,110.972,864000,0.0,0.0
2021-02-25,110.771,114.892,110.771,113.094,941100,0.0,0.0
2021-02-26,112.797,114.028,109.628,109.75,1144400,0.0,0.0
2021-03-01,110.728,112.273,108.03,108.082,900400,0.0,0.0
2021-03-02,108.981,110.178,107.27,108.903,985700,0.0,0.0
2021-03-03,108.37,109.016,107.165,107.724,854200,0.0,0.0
2021-03-04,108.51,109.261,105.725,106.537,1076100,0.0,0.0
2021-03-05,107.218,108.571,105.568,108.091,622300,0.0,0.0
2021-03-08,108.702,111.828,107.908,110.544,625000,0.0,0.0
2021-03-09,110.221,112.779,110.221,111.522,646000,0.0,0.0
2021-03-10,112.43,114.037,111.382,112.692,821200,0.0,0.0
2021-03-11,112.404,114.072,112.404,112.937,842000,0.0,0.0
2021-03-12,113.148,115.981,112.796,115.893,771200,1.0,0.0
2021-03-15,116.43,118.366,116.007,117.477,1069600,0.0,0.0
2021-03-16,117.433,118.269,116.747,117.864,625400,0.0,0.0
2021-03-17,117.864,117.864,115.004,115.568,824600,0.0,0.0
2021-03-18,115.154,116.571,114.16,116.236,877100,0.0,0.0
2021-03-19,114.793,115.084,110.904,111.177,2427300,0.0,0.0
2021-03-22,111.124,113.113,110.913,112.769,615400,0.0,0.0
2021-03-23,113.016,115.172,112.171,114.74,1088200,0.0,0.0
2021-03-24,114.538,115.77,114.441,115.242,1025500,0.0,0.0
2021-03-25,115.858,115.858,112.981,115.268,679300,0.0,0.0
2021-03-26,115.726,116.711,114.38,116.667,629000,0.0,0.0
2021-03-29,117.055,118.489,115.224,117.204,858600,0.0,0.0
2021-03-30,117.371,117.803,116.104,117.028,654800,0.0,0.0
2021-03-31,116.685,118.577,115.33,116.632,1374300,0.0,0.0
2021-04-01,117.134,119.193,117.019,119.184,1114800,0.0,0.0
2021-04-05,119.114,119.263,117.019,118.797,866500,0.0,0.0
2021-04-06,118.788,120.944,118.031,120.689,886100,0.0,0.0
2021-04-07,120.9,121.489,120.038,121.076,732600,0.0,0.0
2021-04-08,120.768,122.343,120.768,121.058,596300,0.0,0.0
2021-04-09,121.375,122.22,120.838,121.762,464200,0.0,0.0
2021-04-12,122.202,122.607,120.821,122.545,728700,0.0,0.0
2021-04-13,122.88,124.719,122.58,124.199,707700,0.0,0.0
2021-04-14,123.54,123.83,121.938,122.334,924100,0.0,0.0
2021-04-15,123.144,125.141,122.994,125.106,604100,0.0,0.0
2021-04-16,125.431,125.898,124.446,125.484,559400,0.0,0.0
2021-04-19,125.836,126.813,124.895,126.646,623800,0.0,0.0
2021-04-20,127.077,130.473,127.077,128.81,1084500,0.0,0.0
2021-04-21,128.969,129.945,128.476,128.801,490500,0.0,0.0
2021-04-22,128.828,130.359,128.3,129.347,577700,0.0,0.0
2021-04-23,129.109,130.227,128.757,129.822,556900,0.0,0.0
2021-04-26,130.535,131.01,128.353,128.986,622800,0.0,0.0
2021-04-27,129.057,129.831,128.053,129.576,457600,0.0,0.0
2021-04-28,130.104,130.5,128.405,128.977,540600,0.0,0.0
2021-04-29,129.497,131.142,128.15,129.189,1259400,0.0,0.0
2021-04-30,129.048,131.485,128.335,130.834,1125600,0.0,0.0
2021-05-03,130.843,131.072,127.737,128.133,730400,0.0,0.0
2021-05-04,128.405,130.552,128.405,130.438,694500,0.0,0.0
2021-05-05,129.91,129.91,126.725,128.335,767400,0.0,0.0
2021-05-06,128.634,129.065,127.561,128.08,660700,0.0,0.0
2021-05-07,127.842,129.813,127.614,129.558,630600,0.0,0.0
2021-05-10,130.244,131.3,129.752,130.086,527600,0.0,0.0
2021-05-11,129.461,129.461,126.522,127.675,553800,0.0,0.0
2021-05-12,127.737,128.177,124.657,124.771,533400,0.0,0.0
2021-05-13,124.965,128.652,124.815,127.578,475900,0.0,0.0
2021-05-14,126.382,127.816,126.382,127.262,497200,0.0,0.0
2021-05-17,127.772,128.837,127.235,128.124,455600,0.0,0.0
2021-05-18,127.587,128.889,126.839,127.807,507600,0.0,0.0
2021-05-19,127.482,127.64,125.396,127.526,723300,0.0,0.0
2021-05-20,127.834,128.573,127.675,128.502,740600,0.0,0.0
2021-05-21,128.458,129.206,127.71,128.317,563900,0.0,0.0
2021-05-24,128.529,129.84,128.15,129.268,509600,0.0,0.0
2021-05-25,129.241,130.649,128.177,130.025,497200,0.0,0.0
2021-05-26,129.664,131.028,129.145,129.602,557100,0.0,0.0
2021-05-27,129.769,130.482,128.432,129.611,767000,0.0,0.0
2021-05-28,130.605,132.189,130.482,131.82,890600,0.0,0.0
2021-06-01,131.855,133.773,131.107,133.755,627500,0.0,0.0
2021-06-02,134.371,135.779,133.421,135.506,677300,0.0,0.0
2021-06-03,135.656,135.753,134.406,135.313,606600,0.0,0.0
2021-06-04,136.087,136.377,134.758,135.656,558700,0.0,0.0
2021-06-07,136.131,138.454,135.779,137.776,877400,0.0,0.0
2021-06-08,137.979,139.668,137.768,139.475,661700,0.0,0.0
2021-06-09,139.686,140.381,139.149,139.528,462000,0.0,0.0
2021-06-10,139.325,140.751,138.92,140.047,461300,0.0,0.0
2021-06-11,139.721,140.469,138.551,140.302,487300,0.0,0.0
2021-06-14,140.497,141.657,139.7,141.621,644000,1.0,0.0
2021-06-15,141.674,142.002,140.559,141.657,512700,0.0,0.0
2021-06-16,142.179,142.896,141.09,141.258,1219400,0.0,0.0
2021-06-17,141.072,143.171,140.204,142.879,989000,0.0,0.0
2021-06-18,143.33,144.171,141.09,141.152,1358800,0.0,0.0
2021-06-21,141.586,145.083,141.586,144.915,554400,0.0,0.0
2021-06-22,145.021,145.969,144.224,144.269,429400,0.0,0.0
2021-06-23,143.87,146.27,143.507,145.907,654900,0.0,0.0
2021-06-24,145.969,146.42,144.446,144.977,732700,0.0,0.0
2021-06-25,145.216,150.564,144.579,147.332,2392300,0.0,0.0
2021-06-28,147.208,147.217,145.517,146.624,556100,0.0,0.0
2021-06-29,146.943,147.501,145.384,145.774,554800,0.0,0.0
2021-06-30,145.827,147.102,144.694,145.057,1007500,0.0,0.0
2021-07-01,144.499,146.934,144.127,146.022,830200,0.0,0.0
2021-07-02,146.5,147.828,146.261,147.749,549600,0.0,0.0
2021-07-06,147.828,151.795,147.102,151.273,736400,0.0,0.0
2021-07-07,150.945,152.521,149.821,151.857,1265700,0.0,0.0
2021-07-08,150.927,152.105,149.918,150.104,865000,0.0,0.0
2021-07-09,150.733,153.513,149.75,153.354,546700,0.0,0.0
2021-07-12,153.141,154.859,152.92,154.673,543400,0.0,0.0
2021-07-13,154.398,154.673,151.68,151.937,591000,0.0,0.0
2021-07-14,152.123,153.752,152.123,152.619,746200,0.0,0.0
2021-07-15,152.716,153.752,152.468,152.946,1108000,0.0,0.0
2021-07-16,153.327,153.832,152.087,152.247,1073800,0.0,0.0
2021-07-19,151.698,152.22,147.563,149.183,1381300,0.0,0.0
2021-07-20,149.962,152.07,149.962,151.105,1138900,0.0,0.0
2021-07-21,150.706,151.078,148.129,148.271,1088600,0.0,0.0
2021-07-22,148.262,149.608,147.961,149.44,754000,0.0,0.0
2021-07-23,149.644,152.264,149.148,151.777,433300,0.0,0.0
2021-07-26,151.423,152.114,150.024,151.202,737400,0.0,0.0
2021-07-27,151.22,153.46,150.131,152.123,861100,0.0,0.0
2021-07-28,152.707,153.849,150.671,152.805,871700,0.0,0.0
2021-07-29,153.486,154.655,152.769,153.841,524000,0.0,0.0
2021-07-30,154.398,156.727,154.168,154.195,765500,0.0,0.0
2021-08-02,156.037,156.63,155.116,155.213,995500,0.0,0.0
2021-08-03,155.603,156.391,154.602,156.329,1408600,0.0,0.0
2021-08-04,156.462,157.808,154.832,155.603,722400,0.0,0.0
2021-08-05,156.222,156.515,153.557,155.709,638700,0.0,0.0
2021-08-06,156.09,157.046,154.77,155.408,583400,0.0,0.0
2021-08-09,155.355,156.019,154.452,155.257,617600,0.0,0.0
2021-08-10,153.69,155.665,153.602,153.761,740100,0.0,0.0
2021-08-11,154.558,154.806,153.177,153.557,629500,0.0,0.0
2021-08-12,153.973,155.186,153.548,154.655,555300,0.0,0.0
2021-08-13,155.142,156.054,154.292,155.558,617800,0.0,0.0
2021-08-16,155.39,156.178,154.673,155.222,918700,0.0,0.0
2021-08-17,154.717,156.214,154.576,156.178,827700,0.0,0.0
2021-08-18,156.355,156.594,154.31,154.487,915900,0.0,0.0
2021-08-19,153.779,156.346,153.398,156.284,781300,0.0,0.0
2021-08-20,156.479,158.755,155.638,157.223,737000,0.0,0.0
2021-08-23,157.108,158.312,156.285,157.081,509000,0.0,0.0
2021-08-24,157.515,157.985,155.674,157.436,743900,0.0,0.0
2021-08-25,157.436,160.49,157.188,159.587,718800,0.0,0.0
2021-08-26,160.03,162.616,160.012,160.712,883200,0.0,0.0
2021-08-27,161.633,162.819,161.031,162.438,484800,0.0,0.0
2021-08-30,162.465,164.386,162.173,164.386,521200,0.0,0.0
2021-08-31,164.254,165.874,163.094,165.502,841700,0.0,0.0
2021-09-01,165.803,168.353,164.997,168.043,866000,0.0,0.0
2021-09-02,168.424,169.983,167.672,169.664,886200,0.0,0.0
2021-09-03,169.69,171.692,168.477,171.523,896800,0.0,0.0
2021-09-07,170.762,171.514,167.078,169.035,596900,0.0,0.0
2021-09-08,168.681,172.373,168.495,170.363,597700,0.0,0.0
2021-09-09,170.239,170.718,165.546,165.706,961000,0.0,0.0
2021-09-10,166.14,167.424,165.183,165.626,751100,0.0,0.0
2021-09-13,166.91,168.052,165.059,165.095,529100,0.0,0.0
2021-09-14,165.63,166.539,162.955,163.633,472800,1.25,0.0
2021-09-15,163.936,165.407,163.41,164.15,403800,0.0,0.0
2021-09-16,164.667,165.291,162.608,163.08,428800,0.0,0.0
2021-09-17,163.579,165.175,160.245,160.557,1301000,0.0,0.0
2021-09-20,159.354,162.233,158.471,160.611,664700,0.0,0.0
2021-09-21,160.905,162.331,160.005,160.228,448800,0.0,0.0
2021-09-22,161.066,161.315,159.336,159.728,549800,0.0,0.0
2021-09-23,159.933,160.869,157.464,157.963,525800,0.0,0.0
2021-09-24,157.384,158.24,153.747,153.872,1026500,0.0,0.0
2021-09-27,153.996,155.262,151.028,151.081,700400,0.0,0.0
2021-09-28,149.967,153.292,148.737,152.74,788100,0.0,0.0
2021-09-29,153.355,154.505,152.713,153.337,425800,0.0,0.0
2021-09-30,154.157,154.496,149.557,149.753,808300,0.0,0.0
2021-10-01,150.912,151.714,148.782,150.6,514300,0.0,0.0
2021-10-04,150.243,151.572,148.523,150.03,633300,0.0,0.0
2021-10-05,150.734,150.85,148.666,149.664,447900,0.0,0.0
2021-10-06,149.147,152.187,147.952,152.017,447500,0.0,0.0
2021-10-07,152.909,155.111,152.793,153.711,585100,0.0,0.0
2021-10-08,153.551,154.576,152.312,152.499,336300,0.0,0.0
2021-10-11,151.857,153.765,151.242,153.667,529200,0.0,0.0
2021-10-12,154.843,158.668,154.273,157.482,563000,0.0,0.0
2021-10-13,157.607,160.459,157.116,160.245,470900,0.0,0.0
2021-10-14,161.244,163.936,160.673,163.758,483600,0.0,0.0
2021-10-15,164.551,164.694,162.269,163.107,757300,0.0,0.0
2021-10-18,162.305,164.64,162.251,164.177,595200,0.0,0.0
2021-10-19,164.622,164.881,163.134,163.544,380100,0.0,0.0
2021-10-20,163.669,165.327,163.544,164.908,408500,0.0,0.0
2021-10-21,165.665,165.665,164.373,165.024,310600,0.0,0.0
2021-10-22,165.728,167.074,165.291,165.746,528300,0.0,0.0
2021-10-25,166.12,168.242,165.246,168.01,355300,0.0,0.0
2021-10-26,167.867,167.867,166.165,166.949,381900,0.0,0.0
2021-10-27,167.493,167.493,163.41,163.9,564400,0.0,0.0
2021-10-28,163.579,172.886,163.579,172.583,802200,0.0,0.0
2021-10-29,172.173,176.826,171.183,175.944,1310800,0.0,0.0
2021-11-01,176.345,176.345,171.362,175.685,551000,0.0,0.0
2021-11-02,176.47,180.802,176.238,180.107,763400,0.0,0.0
2021-11-03,180.847,181.845,175.444,177.771,623400,0.0,0.0
2021-11-04,177.771,179.795,176.363,177.29,413200,0.0,0.0
2021-11-05,177.878,178.288,171.629,173.474,570300,0.0,0.0
2021-11-08,174.722,176.086,172.182,175.997,433600,0.0,0.0
2021-11-09,175.997,177.593,175.132,176.247,413800,0.0,0.0
2021-11-10,176.122,177.495,175.525,175.748,409400,0.0,0.0
2021-11-11,175.748,177.022,174.758,176.853,278400,0.0,0.0
2021-11-12,176.862,178.244,175.231,176.47,401300,0.0,0.0
2021-11-15,176.47,178.279,174.642,178.226,445800,0.0,0.0
2021-11-16,178.413,178.707,175.427,177.201,586200,0.0,0.0
2021-11-17,176.951,179.741,174.054,179.42,596100,0.0,0.0
2021-11-18,180.133,182.309,179.839,181.239,811300,0.0,0.0
2021-11-19,181.56,182.514,179.296,180.214,805800,0.0,0.0
2021-11-22,181.132,181.132,177.593,178.199,540900,0.0,0.0
2021-11-23,178.199,180.151,176.898,178.636,959100,0.0,0.0
2021-11-24,178.636,182.46,177.709,182.139,524000,0.0,0.0
2021-11-26,180.116,180.784,175.926,177.21,458700,0.0,0.0
2021-11-29,178.868,182.728,177.218,181.007,936100,0.0,0.0
2021-11-30,179.839,181.774,175.676,178.288,3263800,0.0,0.0
2021-12-01,180.098,185.027,177.406,177.878,796700,0.0,0.0
2021-12-02,178.859,184.181,178.288,183.111,710200,0.0,0.0
2021-12-03,183.86,184.457,178.03,179.607,794400,0.0,0.0
2021-12-06,180.579,184.707,179.982,182.915,833600,0.0,0.0
2021-12-07,184.19,188.272,183.788,186.044,625400,0.0,0.0
2021-12-08,186.115,187.541,184.992,186.632,448400,0.0,0.0
2021-12-09,186.213,186.213,183.093,183.209,473400,0.0,0.0
2021-12-10,184.323,186.561,181.943,186.053,576200,0.0,0.0
2021-12-13,186.276,191.17,186.195,189.743,715800,0.0,0.0
2021-12-14,189.178,190.407,185.027,188.093,753100,1.25,0.0
2021-12-15,188.246,192.998,188.246,192.263,572900,0.0,0.0
2021-12-16,191.797,192.64,189.779,192.263,539100,0.0,0.0
2021-12-17,192.55,195.24,192.128,192.927,1784400,0.0,0.0
2021-12-20,189.976,194.146,188.407,193.509,709600,0.0,0.0
2021-12-21,194.585,196.253,192.577,193.447,824100,0.0,0.0
2021-12-22,194.693,196.818,194.164,196.424,432300,0.0,0.0
2021-12-23,196.899,196.899,193.949,195.482,378300,0.0,0.0
2021-12-27,196.038,198.908,195.258,198.845,302400,0.0,0.0
2021-12-28,198.656,200.773,198.45,199.562,414500,0.0,0.0
2021-12-29,200.181,202.943,198.665,202.136,336100,0.0,0.0
2021-12-30,202.181,203.848,201.176,202.27,393000,0.0,0.0
2021-12-31,202.279,205.202,202.279,203.31,539500,0.0,0.0
2022-01-03,203.553,203.714,192.98,196.585,607700,0.0,0.0
2022-01-04,196.702,201.176,196.702,198.701,752700,0.0,0.0
2022-01-05,198.002,198.639,194.738,195.249,688200,0.0,0.0
2022-01-06,194.917,196.863,192.478,195.168,663800,0.0,0.0
2022-01-07,194.585,195.339,186.551,186.919,890200,0.0,0.0
2022-01-10,183.224,187.125,182.471,186.972,818000,0.0,0.0
2022-01-11,187.806,188.631,184.883,188.362,554900,0.0,0.0
2022-01-12,188.165,190.9,188.111,189.842,489100,0.0,0.0
2022-01-13,190.066,190.102,184.749,185.269,594500,0.0,0.0
2022-01-14,184.964,185.125,179.736,182.579,886900,0.0,0.0
2022-01-18,181.009,181.009,177.297,179.53,758400,0.0,0.0
2022-01-19,180.597,182.211,177.844,177.916,679500,0.0,0.0
2022-01-20,179.61,181.162,174.858,175.199,529300,0.0,0.0
2022-01-21,176.858,177.772,174.849,175.288,603900,0.0,0.0
2022-01-24,173.943,175.737,168.787,174.858,988300,0.0,0.0
2022-01-25,173.064,177.091,170.374,175.279,1344500,0.0,0.0
2022-01-26,175.862,178.49,171.836,173.109,831800,0.0,0.0
2022-01-27,174.858,176.086,170.285,170.679,869300,0.0,0.0
2022-01-28,170.742,176.849,167.424,176.571,825900,0.0,0.0
2022-01-31,176.454,178.678,175.028,177.718,822400,0.0,0.0
2022-02-01,178.319,179.485,174.114,177.153,861600,0.0,0.0
2022-02-02,178.409,186.013,178.409,185.448,1076400,0.0,0.0
2022-02-03,184.103,185.304,182.57,183.412,784500,0.0,0.0
2022-02-04,182.175,183.143,178.768,180.651,606100,0.0,0.0
2022-02-07,180.651,181.171,178.615,179.117,507100,0.0,0.0
2022-02-08,178.974,180.301,177.682,178.588,760100,0.0,0.0
2022-02-09,181.44,184.533,180.982,184.121,442400,0.0,0.0
2022-02-10,180.66,183.395,177.01,178.319,509900,0.0,0.0
2022-02-11,179.126,179.745,175.019,176.58,795300,0.0,0.0
2022-02-14,176.535,177.808,173.253,174.149,542600,0.0,0.0
2022-02-15,175.889,176.131,171.495,172.329,601500,0.0,0.0
2022-02-16,173.127,173.36,168.617,171.056,641500,0.0,0.0
2022-02-17,168.877,170.85,168.617,169.236,559100,0.0,0.0
2022-02-18,169.101,170.778,168.052,168.115,435500,0.0,0.0
2022-02-22,168.016,168.958,165.281,166.142,672800,0.0,0.0
2022-02-23,167.783,171.621,167.003,167.334,992400,0.0,0.0
2022-02-24,159.712,170.769,157.157,170.141,947300,0.0,0.0
2022-02-25,170.276,174.248,169.074,174.123,594100,0.0,0.0
2022-02-28,172.365,172.446,167.03,168.715,898300,0.0,0.0
2022-03-01,170.939,173.082,169.065,171.612,770100,0.0,0.0
2022-03-02,171.899,174.526,171.899,173.71,707200,0.0,0.0
2022-03-03,175.414,175.773,172.123,175.073,502200,0.0,0.0
2022-03-04,173.755,180.471,173.029,180.139,702600,0.0,0.0
2022-03-07,179.808,181.341,177.082,179.566,1036600,0.0,0.0
2022-03-08,178.938,180.05,175.539,176.284,942300,0.0,0.0
2022-03-09,179.019,179.942,176.553,177.521,598500,0.0,0.0
2022-03-10,176.732,177.512,174.06,176.006,574800,0.0,0.0
2022-03-11,176.436,178.642,175.512,176.212,632000,0.0,0.0
2022-03-14,177.106,177.567,172.417,172.905,841800,1.5,0.0
2022-03-15,174.92,175.1,169.182,171.405,998400,0.0,0.0
2022-03-16,171.504,175.607,170.998,174.766,981700,0.0,0.0
2022-03-17,174.757,177.549,174.549,177.134,759600,0.0,0.0
2022-03-18,176.203,178.923,174.685,175.679,1458600,0.0,0.0
2022-03-21,176.194,177.902,174.902,177.034,488500,0.0,0.0
2022-03-22,177.775,179.131,176.131,176.872,649200,0.0,0.0
2022-03-23,176.89,176.899,173.619,174.902,408300,0.0,0.0
2022-03-24,175.155,176.248,174.567,176.076,403900,0.0,0.0
2022-03-25,177.278,178.85,176.329,178.516,455300,0.0,0.0
2022-03-28,179.42,182.465,178.932,181.29,815300,0.0,0.0
2022-03-29,182.628,190.082,181.588,189.124,882200,0.0,0.0
2022-03-30,188.926,190.706,188.374,188.808,585400,0.0,0.0
2022-03-31,190.615,190.679,185.754,185.781,1088000,0.0,0.0
2022-04-01,186.007,189.847,185.944,189.368,501200,0.0,0.0
2022-04-04,189.314,190.48,183.649,186.314,607200,0.0,0.0
2022-04-05,186.061,189.079,184.697,185.664,748700,0.0,0.0
2022-04-06,185.42,192.323,184.48,191.898,804500,0.0,0.0
2022-04-07,190.932,194.067,189.621,192.793,659000,0.0,0.0
2022-04-08,194.049,194.194,192.043,193.109,447500,0.0,0.0
2022-04-11,193.109,193.859,188.871,190.299,406600,0.0,0.0
2022-04-12,190.073,193.805,189.938,192.332,435100,0.0,0.0
2022-04-13,192.838,193.362,190.299,192.115,366100,0.0,0.0
2022-04-14,192.947,194.185,190.832,192.061,373800,0.0,0.0
2022-04-18,191.564,193.417,191.221,191.962,372500,0.0,0.0
2022-04-19,192.359,198.522,192.314,197.275,947000,0.0,0.0
2022-04-20,197.537,200.925,197.537,198.748,612100,0.0,0.0
2022-04-21,199.299,200.049,196.01,196.091,543600,0.0,0.0
2022-04-22,195.929,195.929,191.953,192.07,674200,0.0,0.0
2022-04-25,191.049,191.13,185.718,188.438,801200,0.0,0.0
2022-04-26,188.13,189.576,184.615,184.76,476300,0.0,0.0
2022-04-27,185.167,188.474,184.037,184.317,514600,0.0,0.0
2022-04-28,185.04,188.718,183.929,187.986,455400,0.0,0.0
2022-04-29,186.784,187.173,170.826,171.685,1320900,0.0,0.0
2022-05-02,172.86,173.619,160.833,165.314,1436300,0.0,0.0
2022-05-03,165.604,166.543,162.577,165.441,923700,0.0,0.0
2022-05-04,172.01,177.549,167.167,176.718,1594000,0.0,0.0
2022-05-05,177.043,178.245,170.402,171.414,928800,0.0,0.0
2022-05-06,169.354,170.619,162.92,164.149,984300,0.0,0.0
2022-05-09,161.845,161.845,152.122,153.098,1333700,0.0,0.0
2022-05-10,155.673,160.598,155.673,158.384,1279500,0.0,0.0
2022-05-11,158.239,162.694,157.914,158.095,886200,0.0,0.0
2022-05-12,158.393,158.546,154.968,157.878,885800,0.0,0.0
2022-05-13,159.694,161.799,157.715,161.709,567900,0.0,0.0
2022-05-16,161.402,162.902,160.534,161.456,536800,0.0,0.0
2022-05-17,163.055,163.055,159.45,161.601,868200,0.0,0.0
2022-05-18,161.004,161.537,154.037,154.652,659900,0.0,0.0
2022-05-19,153.54,155.293,152.303,153.296,647400,0.0,0.0
2022-05-20,155.302,155.818,151.751,154.86,583400,0.0,0.0
2022-05-23,157.2,158.32,154.372,157.534,541800,0.0,0.0
2022-05-24,157.336,158.628,155.086,158.284,679800,0.0,0.0
2022-05-25,156.721,156.784,154.318,155.827,927800,0.0,0.0
2022-05-26,156.893,158.808,156.197,157.833,530200,0.0,0.0
2022-05-27,159.278,163.507,159.278,162.676,612000,0.0,0.0
2022-05-31,161.42,162.125,159.296,161.022,1359700,0.0,0.0
2022-06-01,161.619,163.019,159.152,161.429,589500,0.0,0.0
2022-06-02,161.158,162.622,158.013,162.495,584500,0.0,0.0
2022-06-03,160.887,163.345,159.549,161.113,483500,0.0,0.0
2022-06-06,162.396,162.622,158.122,158.212,640600,0.0,0.0
2022-06-07,157.607,163.01,156.342,162.694,999300,0.0,0.0
2022-06-08,161.7,162.703,154.688,155.519,854400,0.0,0.0
2022-06-09,154.932,157.706,152.917,153.007,590200,0.0,0.0
2022-06-10,151.345,153.911,150.188,150.83,855900,0.0,0.0
2022-06-13,146.998,149.465,143.375,144.098,769100,0.0,0.0
2022-06-14,144.691,146.652,142.939,144.8,795700,1.5,0.0
2022-06-15,146.251,149.708,145.685,147.318,1061000,0.0,0.0
2022-06-16,143.861,147.747,143.76,145.895,688200,0.0,0.0
2022-06-17,147.217,148.686,144.727,145.466,1287900,0.0,0.0
2022-06-21,145.877,149.544,145.539,147.61,607900,0.0,0.0
2022-06-22,148.029,152.453,146.98,150.2,843800,0.0,0.0
2022-06-23,151.085,154.351,151.085,153.138,711200,0.0,0.0
2022-06-24,154.862,157.425,152.864,157.233,781100,0.0,0.0
2022-06-27,157.033,158.665,155.573,156.868,556500,0.0,0.0
2022-06-28,157.908,160.161,155.61,156.002,468000,0.0,0.0
2022-06-29,155.126,156.595,154.643,155.938,423200,0.0,0.0
2022-06-30,155.008,158.291,153.831,155.181,738500,0.0,0.0
2022-07-01,155.993,159.76,155.719,159.067,497400,0.0,0.0
2022-07-05,157.726,157.726,152.955,156.777,380100,0.0,0.0
2022-07-06,157.607,160.234,156.485,158.957,473400,0.0,0.0
2022-07-07,159.614,160.544,157.169,157.863,347400,0.0,0.0
2022-07-08,157.589,158.966,156.722,157.89,252000,0.0,0.0
2022-07-11,156.768,159.404,156.458,156.932,360400,0.0,0.0
2022-07-12,155.564,157.115,150.894,152.335,504500,0.0,0.0
2022-07-13,150.939,154.287,150.237,152.9,332700,0.0,0.0
2022-07-14,149.735,153.913,148.768,152.764,358800,0.0,0.0
2022-07-15,154.852,156.348,152.937,154.679,403600,0.0,0.0
2022-07-18,155.673,156.367,153.028,153.794,408200,0.0,0.0
2022-07-19,155.017,157.553,154.378,157.005,408300,0.0,0.0
2022-07-20,157.106,159.605,156.485,157.616,263400,0.0,0.0
2022-07-21,157.908,160.061,156.805,160.025,436100,0.0,0.0
2022-07-22,161.01,163.39,160.316,162.287,543400,0.0,0.0
2022-07-25,161.949,162.962,161.055,162.405,496800,0.0,0.0
2022-07-26,162.679,163.901,161.612,163.391,324000,0.0,0.0
2022-07-27,163.299,165.251,162.068,165.115,410800,0.0,0.0
2022-07-28,166.328,171.956,166.209,171.618,561600,0.0,0.0
2022-07-29,171.655,173.689,170.579,172.877,711600,0.0,0.0
2022-08-01,171.555,172.686,169.666,172.412,619100,0.0,0.0
2022-08-02,172.43,173.288,170.095,170.579,863100,0.0,0.0
2022-08-03,173.315,180.576,172.868,177.274,1233600,0.0,0.0
2022-08-04,177.42,179.217,175.404,178.104,645800,0.0,0.0
2022-08-05,176.69,180.22,175.596,179.901,567100,0.0,0.0
2022-08-08,180.932,183.002,180.147,182.765,562800,0.0,0.0
2022-08-09,183.322,185.593,181.37,185.547,690000,0.0,0.0
2022-08-10,187.874,188.831,186.159,188.676,735900,0.0,0.0
2022-08-11,189.534,191.084,188.029,189.233,589600,0.0,0.0
2022-08-12,190.282,193.584,189.798,193.347,696700,0.0,0.0
2022-08-15,192.854,195.062,192.462,195.016,707700,0.0,0.0
2022-08-16,193.839,195.29,192.735,194.058,566400,0.0,0.0
2022-08-17,192.863,197.315,192.507,196.165,746400,0.0,0.0
2022-08-18,197.178,197.506,193.648,194.396,596100,0.0,0.0
2022-08-19,194.295,194.295,192.261,193.064,553000,0.0,0.0
2022-08-22,191.641,192.507,189.807,190.665,572900,0.0,0.0
2022-08-23,190.017,190.108,186.113,187.582,737600,0.0,0.0
2022-08-24,188.083,191.559,187.937,189.443,552200,0.0,0.0
2022-08-25,189.698,192.444,189.132,192.234,635000,0.0,0.0
2022-08-26,192.234,193.009,187.992,188.941,516200,0.0,0.0
2022-08-29,187.472,188.175,186.14,187.299,623000,0.0,0.0
2022-08-30,187.299,187.691,182.118,183.413,649400,0.0,0.0
2022-08-31,184.353,184.754,180.485,181.278,1000900,0.0,0.0
2022-09-01,180.184,183.376,179.709,183.294,499800,0.0,0.0
2022-09-02,184.471,185.994,181.196,182.072,454500,0.0,0.0
2022-09-06,182.61,185.684,181.744,184.69,537500,0.0,0.0
2022-09-07,184.544,187.509,184.526,187.107,690600,0.0,0.0
2022-09-08,187.116,188.175,183.148,185.593,691900,0.0,0.0
2022-09-09,185.794,186.533,183.86,184.124,718300,0.0,0.0
2022-09-12,184.124,184.517,182.081,182.473,786100,0.0,0.0
2022-09-13,180.093,180.257,175.979,177.42,940100,0.0,0.0
2022-09-14,175.627,176.96,174.184,176.179,1155600,1.5,0.0
2022-09-15,175.802,175.802,171.095,171.583,859100,0.0,0.0
2022-09-16,170.976,171.454,167.142,169.321,1532100,0.0,0.0
2022-09-19,167.62,168.678,165.304,167.593,838300,0.0,0.0
2022-09-20,166.076,166.986,163.585,164.624,917800,0.0,0.0
2022-09-21,166.03,167.473,162.537,162.951,872600,0.0,0.0
2022-09-22,162.289,162.381,158.942,160.413,1136600,0.0,0.0
2022-09-23,158.86,161.011,156.966,158.786,948300,0.0,0.0
2022-09-26,158.198,158.327,154.015,156.074,969800,0.0,0.0
2022-09-27,157.499,158.124,152.563,153.491,932600,0.0,0.0
2022-09-28,154.925,157.674,153.344,156.893,942000,0.0,0.0
2022-09-29,155.348,155.707,152.305,155.201,742300,0.0,0.0
2022-09-30,157.067,159.411,155.946,158.768,1128900,0.0,0.0
2022-10-03,160.818,160.91,157.214,159.586,816500,0.0,0.0
2022-10-04,161.084,165.175,160.616,164.982,1294800,0.0,0.0
2022-10-05,162.914,164.357,159.319,163.732,961800,0.0,0.0
2022-10-06,163.612,163.925,158.005,158.216,769100,0.0,0.0
2022-10-07,156.644,157.959,150.77,151.836,981300,0.0,0.0
2022-10-10,152.269,153.482,151.055,152.25,523400,0.0,0.0
2022-10-11,151.947,154.99,151.671,154.64,848600,0.0,0.0
2022-10-12,154.833,155.9,152.903,153.335,766800,0.0,0.0
2022-10-13,149.878,154.135,149.134,153.326,727800,0.0,0.0
2022-10-14,154.815,155.247,147.635,147.828,658300,0.0,0.0
2022-10-17,150.908,154.852,150.568,154.355,584100,0.0,0.0
2022-10-18,156.699,159.145,155.054,157.086,547100,0.0,0.0
2022-10-19,155.054,155.799,151.745,152.526,635800,0.0,0.0
2022-10-20,153.133,154.263,151.441,152.397,440500,0.0,0.0
2022-10-21,152.59,152.618,149.511,152.563,699200,0.0,0.0
2022-10-24,154.282,154.567,151.414,151.689,796100,0.0,0.0
2022-10-25,152.526,159.512,152.526,159.375,863200,0.0,0.0
2022-10-26,158.97,161.103,157.26,157.6,945000,0.0,0.0
2022-10-27,158.731,159.237,156.81,157.996,720400,0.0,0.0
2022-10-28,157.453,165.313,157.444,164.283,881300,0.0,0.0
2022-10-31,163.612,166.168,163.088,163.116,786000,0.0,0.0
2022-11-01,164.817,165.203,162.61,163.53,676700,0.0,0.0
2022-11-02,154.447,154.603,144.059,145.668,3179700,0.0,0.0
2022-11-03,143.407,143.563,139.904,141.798,1470500,0.0,0.0
2022-11-04,143.37,143.673,140.024,141.449,1197500,0.0,0.0
2022-11-07,142.083,143.471,137.689,139.73,1330000,0.0,0.0
2022-11-08,140.153,142.883,139.638,141.348,1168300,0.0,0.0
2022-11-09,140.309,142.478,139.39,139.39,1724500,0.0,0.0
2022-11-10,145.668,150.522,144.951,149.924,1371500,0.0,0.0
2022-11-11,149.924,151.073,144.629,145.549,1264900,0.0,0.0
2022-11-14,145.117,145.512,141.853,141.872,993300,0.0,0.0
2022-11-15,144.133,144.565,140.309,142.35,997900,0.0,0.0
2022-11-16,142.635,146.578,142.497,144.262,1045100,0.0,0.0
2022-11-17,142.396,144.354,141.366,142.763,534300,0.0,0.0
2022-11-18,144.988,145.392,143.085,145.374,722100,0.0,0.0
2022-11-21,144.17,146.257,143.977,144.868,819200,0.0,0.0
2022-11-22,145.585,146.017,143.738,144.087,1243300,0.0,0.0
2022-11-23,144.317,144.639,142.745,143.857,1120100,0.0,0.0
2022-11-25,144.62,145.567,142.267,143.057,362400,0.0,0.0
2022-11-28,142.294,143.214,140.061,140.235,1495700,0.0,0.0
2022-11-29,140.722,141.605,140.217,141.127,1212000,0.0,0.0
2022-11-30,140.29,148.012,140.29,147.718,1593400,0.0,0.0
2022-12-01,147.801,148.775,145.264,147.13,1296200,0.0,0.0
2022-12-02,146.017,146.937,144.841,146.165,978400,0.0,0.0
2022-12-05,144.933,146.707,143.048,144.188,1508400,0.0,0.0
2022-12-06,144.491,144.491,140.906,143.444,1511700,0.0,0.0
2022-12-07,143.545,146.532,142.984,144.473,928600,0.0,0.0
2022-12-08,144.721,148.564,144.473,144.749,1385700,0.0,0.0
2022-12-09,144.482,145.466,143.894,143.94,702600,0.0,0.0
2022-12-12,143.866,145.972,142.607,145.815,1002500,0.0,0.0
2022-12-13,150.79,152.182,145.704,146.298,1292400,1.5,0.0
2022-12-14,145.973,147.217,143.579,144.785,1298200,0.0,0.0
2022-12-15,142.91,145.314,141.231,144.423,1472300,0.0,0.0
2022-12-16,142.651,142.771,136.47,138.558,2549400,0.0,0.0
2022-12-19,137.936,138.029,135.059,136.154,697200,0.0,0.0
2022-12-20,135.096,136.525,133.639,135.486,667700,0.0,0.0
2022-12-21,136.479,137.797,135.412,136.396,548700,0.0,0.0
2022-12-22,135.18,135.755,133.259,135.57,598500,0.0,0.0
2022-12-23,134.558,136.386,134.075,136.34,492100,0.0,0.0
2022-12-27,136.275,137.221,134.577,136.925,608900,0.0,0.0
2022-12-28,137.389,138.215,134.614,134.874,557100,0.0,0.0
2022-12-29,136.182,138.558,135.551,138.289,541700,0.0,0.0
2022-12-30,137.342,137.713,134.976,136.59,589400,0.0,0.0
